{
"vehicles": [
{"hasGangway1":true,"hasGangway2":false,"hasBarrier1":false,"hasBarrier2":false,"legacyRiderOffset":0.0,"bveSoundBaseResource":"","legacySpeedSoundBaseResource":"c_train","legacySpeedSoundCount":99,"legacyUseAccelerationSoundsWhenCoasting":false,"legacyConstantPlaybackSpeed":false,"legacyDoorSoundBaseResource":"sp1900","legacyDoorCloseSoundTime":0.0},{"id":"kh-ubahn_type_x_cab_forward","name":"kh-ubahn Type X Cab (forward)","color":"00FFFB","transportMode":"TRAIN","length":17.0,"width":2.0,"bogie1Position":-5.5,"bogie2Position":5.5,"couplingPadding1":0.0,"couplingPadding2":0.0,"description":"The Siemens Inspiro Type X is the third major generation of the Viennese U-Bahn, replacing the Types U2 and U11. The Type X stock is in construction since 2018, and in service since 2023. While it is very similar to the Type V stock, it features some major changes like the FIS+ passenger information system and the ability to use driverless ATO, with a removable cab. It is currently in service on the lines U2 and U3, with driverless service planned on the line U5, starting from 2026. As of September 2025, 15 out of 45 sets are in service.","wikipediaArticle":"","tags":[],"models":[{"modelResource":"mtr:kh-ubahn/type_x.bbmodel","textureResource":"mtr:kh-ubahn/type_x.png","modelPropertiesResource":"mtr:kh-ubahn/properties_a79baf69.json","positionDefinitionsResource":"mtr:kh-ubahn/definition_754f5d90.json","flipTextureV":true}],"bogie1Models":[{"modelResource":"mtr:kh-ubahn/type_x.bbmodel","textureResource":"mtr:kh-ubahn/type_x.png","modelPropertiesResource":"mtr:kh-ubahn/properties_a4d94c09.json","positionDefinitionsResource":"mtr:kh-ubahn/definition_54b3eb88.json","flipTextureV":true}],"bogie2Models":[{"modelResource":"mtr:kh-ubahn/type_x.bbmodel","textureResource":"mtr:kh-ubahn/type_x.png","modelPropertiesResource":"mtr:kh-ubahn/properties_f6b048ea.json","positionDefinitionsResource":"mtr:kh-ubahn/definition_d44a4f01.json","flipTextureV":true}],"hasGangway1":false,"hasGangway2":true,"hasBarrier1":false,"hasBarrier2":false,"legacyRiderOffset":0.0,"bveSoundBaseResource":"","legacySpeedSoundBaseResource":"s_train","legacySpeedSoundCount":99,"legacyUseAccelerationSoundsWhenCoasting":false,"legacyConstantPlaybackSpeed":false,"legacyDoorSoundBaseResource":"sp1900","legacyDoorCloseSoundTime":0.0},{"id":"kh-ubahn_type_x_cab_driverless_forward","name":"kh-ubahn Type X Cab Driverless (forward)","color":"00FFFB","transportMode":"TRAIN","length":17.0,"width":2.0,"bogie1Position":-5.5,"bogie2Position":5.5,"couplingPadding1":0.0,"couplingPadding2":0.0,"description":"The Siemens Inspiro Type X is the third major generation of the Viennese U-Bahn, replacing the Types U2 and U11. The Type X stock is in construction since 2018, and in service since 2023. While it is very similar to the Type V stock, it features some major changes like the FIS+ passenger information system and the ability to use driverless ATO, with a removable cab. It is currently in service on the lines U2 and U3, with driverless service planned on the line U5, starting from 2026. As of September 2025, 15 out of 45 sets are in service.","wikipediaArticle":"","tags":[],"models":[{"modelResource":"mtr:kh-ubahn/type_x.bbmodel","textureResource":"mtr:kh-ubahn/type_x.png","modelPropertiesResource":"mtr:kh-ubahn/properties_782646cc.json","positionDefinitionsResource":"mtr:kh-ubahn/definition_bf712ad4.json","flipTextureV":true}],"bogie1Models":[{"modelResource":"mtr:kh-ubahn/type_x.bbmodel","textureResource":"mtr:kh-ubahn/type_x.png","modelPropertiesResource":"mtr:kh-ubahn/properties_6c2b77ff.json","positionDefinitionsResource":"mtr:kh-ubahn/definition_e8a20b4c.json","flipTextureV":true}],"bogie2Models":[{"modelResource":"mtr:kh-ubahn/type_x.bbmodel","textureResource":"mtr:kh-ubahn/type_x.png","modelPropertiesResource":"mtr:kh-ubahn/properties_4ba34cf0.json","positionDefinitionsResource":"mtr:kh-ubahn/definition_14fb6574.json","flipTextureV":true}],"hasGangway1":false,"hasGangway2":true,"hasBarrier1":false,"hasBarrier2":false,"legacyRiderOffset":0.0,"bveSoundBaseResource":"","legacySpeedSoundBaseResource":"s_train","legacySpeedSoundCount":99,"legacyUseAccelerationSoundsWhenCoasting":false,"legacyConstantPlaybackSpeed":false,"legacyDoorSoundBaseResource":"sp1900","legacyDoorCloseSoundTime":0.0},{"id":"kh-ubahn_type_x_cab_drivable_forward","name":"kh-ubahn Type X Cab Drivable (forward)","color":"00FFFB","transportMode":"TRAIN","length":17.0,"width":2.0,"bogie1Position":-5.5,"bogie2Position":5.5,"couplingPadding1":0.0,"couplingPadding2":0.0,"description":"The Siemens Inspiro Type X is the third major generation of the Viennese U-Bahn, replacing the Types U2 and U11. The Type X stock is in construction since 2018, and in service since 2023. While it is very similar to the Type V stock, it features some major changes like the FIS+ passenger information system and the ability to use driverless ATO, with a removable cab. It is currently in service on the lines U2 and U3, with driverless service planned on the line U5, starting from 2026. As of September 2025, 15 out of 45 sets are in service.","wikipediaArticle":"","tags":[],"models":[{"modelResource":"mtr:kh-ubahn/type_x.bbmodel","textureResource":"mtr:kh-ubahn/type_x.png","modelPropertiesResource":"mtr:kh-ubahn/properties_8b8d68b5.json","positionDefinitionsResource":"mtr:kh-ubahn/definition_76fb3bde.json","flipTextureV":true}],"bogie1Models":[{"modelResource":"mtr:kh-ubahn/type_x.bbmodel","textureResource":"mtr:kh-ubahn/type_x.png","modelPropertiesResource":"mtr:kh-ubahn/properties_91dd1e7.json","positionDefinitionsResource":"mtr:kh-ubahn/definition_f4f52868.json","flipTextureV":true}],"bogie2Models":[{"modelResource":"mtr:kh-ubahn/type_x.bbmodel","textureResource":"mtr:kh-ubahn/type_x.png","modelPropertiesResource":"mtr:kh-ubahn/properties_764068a8.json","positionDefinitionsResource":"mtr:kh-ubahn/definition_8d95c15.json","flipTextureV":true}],"hasGangway1":false,"hasGangway2":true,"hasBarrier1":false,"hasBarrier2":false,"legacyRiderOffset":0.0,"bveSoundBaseResource":"","legacySpeedSoundBaseResource":"s_train","legacySpeedSoundCount":99,"legacyUseAccelerationSoundsWhenCoasting":false,"legacyConstantPlaybackSpeed":false,"legacyDoorSoundBaseResource":"sp1900","legacyDoorCloseSoundTime":0.0},{"id":"kh-ubahn_type_x_car_middle","name":"kh-ubahn Type X Car (middle)","color":"00FFFB","transportMode":"TRAIN","length":17.0,"width":2.0,"bogie1Position":-5.5,"bogie2Position":5.5,"couplingPadding1":0.0,"couplingPadding2":0.0,"description":"The Siemens Inspiro Type X is the third major generation of the Viennese U-Bahn, replacing the Types U2 and U11. The Type X stock is in construction since 2018, and in service since 2023. While it is very similar to the Type V stock, it features some major changes like the FIS+ passenger information system and the ability to use driverless ATO, with a removable cab. It is currently in service on the lines U2 and U3, with driverless service planned on the line U5, starting from 2026. As of September 2025, 15 out of 45 sets are in service.","wikipediaArticle":"","tags":[],"models":[{"modelResource":"mtr:kh-ubahn/type_x.bbmodel","textureResource":"mtr:kh-ubahn/type_x.png","modelPropertiesResource":"mtr:kh-ubahn/properties_1df71999.json","positionDefinitionsResource":"mtr:kh-ubahn/definition_f255e4ee.json","flipTextureV":true}],"bogie1Models":[{"modelResource":"mtr:kh-ubahn/type_x.bbmodel","textureResource":"mtr:kh-ubahn/type_x.png","modelPropertiesResource":"mtr:kh-ubahn/properties_98498f65.json","positionDefinitionsResource":"mtr:kh-ubahn/definition_a9a1030c.json","flipTextureV":true}],"bogie2Models":[{"modelResource":"mtr:kh-ubahn/type_x.bbmodel","textureResource":"mtr:kh-ubahn/type_x.png","modelPropertiesResource":"mtr:kh-ubahn/properties_801d5c11.json","positionDefinitionsResource":"mtr:kh-ubahn/definition_fa99ee6d.json","flipTextureV":true}],"hasGangway1":true,"hasGangway2":true,"hasBarrier1":false,"hasBarrier2":false,"legacyRiderOffset":0.0,"bveSoundBaseResource":"","legacySpeedSoundBaseResource":"s_train","legacySpeedSoundCount":99,"legacyUseAccelerationSoundsWhenCoasting":false,"legacyConstantPlaybackSpeed":false,"legacyDoorSoundBaseResource":"sp1900","legacyDoorCloseSoundTime":0.0},{"id":"kh-ubahn_type_x_cab_backward","name":"kh-ubahn Type X Cab (backward)","color":"00FFFB","transportMode":"TRAIN","length":17.0,"width":2.0,"bogie1Position":-5.5,"bogie2Position":5.5,"couplingPadding1":0.0,"couplingPadding2":0.0,"description":"The Siemens Inspiro Type X is the third major generation of the Viennese U-Bahn, replacing the Types U2 and U11. The Type X stock is in construction since 2018, and in service since 2023. While it is very similar to the Type V stock, it features some major changes like the FIS+ passenger information system and the ability to use driverless ATO, with a removable cab. It is currently in service on the lines U2 and U3, with driverless service planned on the line U5, starting from 2026. As of September 2025, 15 out of 45 sets are in service.","wikipediaArticle":"","tags":[],"models":[{"modelResource":"mtr:kh-ubahn/type_x.bbmodel","textureResource":"mtr:kh-ubahn/type_x.png","modelPropertiesResource":"mtr:kh-ubahn/properties_91414fcb.json","positionDefinitionsResource":"mtr:kh-ubahn/definition_d97a437f.json","flipTextureV":true}],"bogie1Models":[{"modelResource":"mtr:kh-ubahn/type_x.bbmodel","textureResource":"mtr:kh-ubahn/type_x.png","modelPropertiesResource":"mtr:kh-ubahn/properties_3218af03.json","positionDefinitionsResource":"mtr:kh-ubahn/definition_b3f1b3ce.json","flipTextureV":true}],"bogie2Models":[{"modelResource":"mtr:kh-ubahn/type_x.bbmodel","textureResource":"mtr:kh-ubahn/type_x.png","modelPropertiesResource":"mtr:kh-ubahn/properties_99dc218a.json","positionDefinitionsResource":"mtr:kh-ubahn/definition_ced4bd11.json","flipTextureV":true}],"hasGangway1":true,"hasGangway2":false,"hasBarrier1":false,"hasBarrier2":false,"legacyRiderOffset":0.0,"bveSoundBaseResource":"","legacySpeedSoundBaseResource":"s_train","legacySpeedSoundCount":99,"legacyUseAccelerationSoundsWhenCoasting":false,"legacyConstantPlaybackSpeed":false,"legacyDoorSoundBaseResource":"sp1900","legacyDoorCloseSoundTime":0.0},{"id":"kh-ubahn_type_x_cab_driverless_backward","name":"kh-ubahn Type X Cab Driverless (backward)","color":"00FFFB","transportMode":"TRAIN","length":17.0,"width":2.0,"bogie1Position":-5.5,"bogie2Position":5.5,"couplingPadding1":0.0,"couplingPadding2":0.0,"description":"The Siemens Inspiro Type X is the third major generation of the Viennese U-Bahn, replacing the Types U2 and U11. The Type X stock is in construction since 2018, and in service since 2023. While it is very similar to the Type V stock, it features some major changes like the FIS+ passenger information system and the ability to use driverless ATO, with a removable cab. It is currently in service on the lines U2 and U3, with driverless service planned on the line U5, starting from 2026. As of September 2025, 15 out of 45 sets are in service.","wikipediaArticle":"","tags":[],"models":[{"modelResource":"mtr:kh-ubahn/type_x.bbmodel","textureResource":"mtr:kh-ubahn/type_x.png","modelPropertiesResource":"mtr:kh-ubahn/properties_8862abd6.json","positionDefinitionsResource":"mtr:kh-ubahn/definition_87e5b5a8.json","flipTextureV":true}],"bogie1Models":[{"modelResource":"mtr:kh-ubahn/type_x.bbmodel","textureResource":"mtr:kh-ubahn/type_x.png","modelPropertiesResource":"mtr:kh-ubahn/properties_529085f.json","positionDefinitionsResource":"mtr:kh-ubahn/definition_718b1eeb.json","flipTextureV":true}],"bogie2Models":[{"modelResource":"mtr:kh-ubahn/type_x.bbmodel","textureResource":"mtr:kh-ubahn/type_x.png","modelPropertiesResource":"mtr:kh-ubahn/properties_3b9b9054.json","positionDefinitionsResource":"mtr:kh-ubahn/definition_2340a475.json","flipTextureV":true}],"hasGangway1":true,"hasGangway2":false,"hasBarrier1":false,"hasBarrier2":false,"legacyRiderOffset":0.0,"bveSoundBaseResource":"","legacySpeedSoundBaseResource":"s_train","legacySpeedSoundCount":99,"legacyUseAccelerationSoundsWhenCoasting":false,"legacyConstantPlaybackSpeed":false,"legacyDoorSoundBaseResource":"sp1900","legacyDoorCloseSoundTime":0.0},{"id":"kh-ubahn_type_x_cab_drivable_backward","name":"kh-ubahn Type X Cab Drivable (backward)","color":"00FFFB","transportMode":"TRAIN","length":17.0,"width":2.0,"bogie1Position":-5.5,"bogie2Position":5.5,"couplingPadding1":0.0,"couplingPadding2":0.0,"description":"The Siemens Inspiro Type X is the third major generation of the Viennese U-Bahn, replacing the Types U2 and U11. The Type X stock is in construction since 2018, and in service since 2023. While it is very similar to the Type V stock, it features some major changes like the FIS+ passenger information system and the ability to use driverless ATO, with a removable cab. It is currently in service on the lines U2 and U3, with driverless service planned on the line U5, starting from 2026. As of September 2025, 15 out of 45 sets are in service.","wikipediaArticle":"","tags":[],"models":[{"modelResource":"mtr:kh-ubahn/type_x.bbmodel","textureResource":"mtr:kh-ubahn/type_x.png","modelPropertiesResource":"mtr:kh-ubahn/properties_edcdaa75.json","positionDefinitionsResource":"mtr:kh-ubahn/definition_a938c0a3.json","flipTextureV":true}],"bogie1Models":[{"modelResource":"mtr:kh-ubahn/type_x.bbmodel","textureResource":"mtr:kh-ubahn/type_x.png","modelPropertiesResource":"mtr:kh-ubahn/properties_681ab2da.json","positionDefinitionsResource":"mtr:kh-ubahn/definition_ba043437.json","flipTextureV":true}],"bogie2Models":[{"modelResource":"mtr:kh-ubahn/type_x.bbmodel","textureResource":"mtr:kh-ubahn/type_x.png","modelPropertiesResource":"mtr:kh-ubahn/properties_4fe40ff.json","positionDefinitionsResource":"mtr:kh-ubahn/definition_1b53b7a4.json","flipTextureV":true}],"hasGangway1":true,"hasGangway2":false,"hasBarrier1":false,"hasBarrier2":false,"legacyRiderOffset":0.0,"bveSoundBaseResource":"","legacySpeedSoundBaseResource":"s_train","legacySpeedSoundCount":99,"legacyUseAccelerationSoundsWhenCoasting":false,"legacyConstantPlaybackSpeed":false,"legacyDoorSoundBaseResource":"sp1900","legacyDoorCloseSoundTime":0.0},{"id":"kh-ubahn_type_t1_cab_on_forward","name":"kh-ubahn Type T1 Cab On (forward)","color":"6F0000","transportMode":"TRAIN","length":7.5,"width":2.0,"bogie1Position":-2.75,"bogie2Position":2.75,"couplingPadding1":2.0,"couplingPadding2":0.0,"description":"The Bombardier Type T1 was constructed from 2007 to 2014 as the successor of the Type T trams. While they're similar to the Flexity Swift trams, they're not considered as one. In order to improve passenger comfort on the line U6, the trams received a cooling unit, a refreshed design (based on the Type V), LCD/LED displays and a new motor (similar to the WLB class 400 trams).\n\nFun fact: While all vehicles needed were built by 2009, additional trams were ordered to save the Bombardier factory from closure. ","wikipediaArticle":"","tags":[],"models":[{"modelResource":"mtr:kh-ubahn/type_t.bbmodel","textureResource":"mtr:kh-ubahn/type_t.png","modelPropertiesResource":"mtr:kh-ubahn/properties_2309ad2.json","positionDefinitionsResource":"mtr:kh-ubahn/definition_70053299.json","flipTextureV":true}],"bogie1Models":[{"modelResource":"mtr:kh-ubahn/type_t.bbmodel","textureResource":"mtr:kh-ubahn/type_t.png","modelPropertiesResource":"mtr:kh-ubahn/properties_32c70e38.json","positionDefinitionsResource":"mtr:kh-ubahn/definition_665ab1ae.json","flipTextureV":true}],"bogie2Models":[],"hasGangway1":false,"hasGangway2":true,"hasBarrier1":false,"hasBarrier2":false,"legacyRiderOffset":0.0,"bveSoundBaseResource":"","legacySpeedSoundBaseResource":"c1141a","legacySpeedSoundCount":99,"legacyUseAccelerationSoundsWhenCoasting":false,"legacyConstantPlaybackSpeed":false,"legacyDoorSoundBaseResource":"sp1900","legacyDoorCloseSoundTime":0.0},{"id":"kh-ubahn_type_t1_cab_drivable_forward","name":"kh-ubahn Type T1 Cab Drivable (forward)","color":"6F0000","transportMode":"TRAIN","length":7.5,"width":2.0,"bogie1Position":-2.75,"bogie2Position":2.75,"couplingPadding1":2.0,"couplingPadding2":0.0,"description":"The Bombardier Type T1 was constructed from 2007 to 2014 as the successor of the Type T trams. While they're similar to the Flexity Swift trams, they're not considered as one. In order to improve passenger comfort on the line U6, the trams received a cooling unit, a refreshed design (based on the Type V), LCD/LED displays and a new motor (similar to the WLB class 400 trams).\n\nFun fact: While all vehicles needed were built by 2009, additional trams were ordered to save the Bombardier factory from closure. ","wikipediaArticle":"","tags":[],"models":[{"modelResource":"mtr:kh-ubahn/type_t.bbmodel","textureResource":"mtr:kh-ubahn/type_t.png","modelPropertiesResource":"mtr:kh-ubahn/properties_d56f9553.json","positionDefinitionsResource":"mtr:kh-ubahn/definition_d44c1120.json","flipTextureV":true}],"bogie1Models":[{"modelResource":"mtr:kh-ubahn/type_t.bbmodel","textureResource":"mtr:kh-ubahn/type_t.png","modelPropertiesResource":"mtr:kh-ubahn/properties_c2de1968.json","positionDefinitionsResource":"mtr:kh-ubahn/definition_e31fb94a.json","flipTextureV":true}],"bogie2Models":[],"hasGangway1":false,"hasGangway2":true,"hasBarrier1":false,"hasBarrier2":false,"legacyRiderOffset":0.0,"bveSoundBaseResource":"","legacySpeedSoundBaseResource":"c1141a","legacySpeedSoundCount":99,"legacyUseAccelerationSoundsWhenCoasting":false,"legacyConstantPlaybackSpeed":false,"legacyDoorSoundBaseResource":"sp1900","legacyDoorCloseSoundTime":0.0},{"id":"kh-ubahn_type_t1_cab_off_forward","name":"kh-ubahn Type T1 Cab Off (forward)","color":"6F0000","transportMode":"TRAIN","length":7.5,"width":2.0,"bogie1Position":-2.75,"bogie2Position":2.75,"couplingPadding1":2.0,"couplingPadding2":0.0,"description":"The Bombardier Type T1 was constructed from 2007 to 2014 as the successor of the Type T trams. While they're similar to the Flexity Swift trams, they're not considered as one. In order to improve passenger comfort on the line U6, the trams received a cooling unit, a refreshed design (based on the Type V), LCD/LED displays and a new motor (similar to the WLB class 400 trams).\n\nFun fact: While all vehicles needed were built by 2009, additional trams were ordered to save the Bombardier factory from closure. ","wikipediaArticle":"","tags":[],"models":[{"modelResource":"mtr:kh-ubahn/type_t.bbmodel","textureResource":"mtr:kh-ubahn/type_t.png","modelPropertiesResource":"mtr:kh-ubahn/properties_5359be07.json","positionDefinitionsResource":"mtr:kh-ubahn/definition_22d5a188.json","flipTextureV":true}],"bogie1Models":[{"modelResource":"mtr:kh-ubahn/type_t.bbmodel","textureResource":"mtr:kh-ubahn/type_t.png","modelPropertiesResource":"mtr:kh-ubahn/properties_625c9b91.json","positionDefinitionsResource":"mtr:kh-ubahn/definition_26539d0a.json","flipTextureV":true}],"bogie2Models":[],"hasGangway1":false,"hasGangway2":true,"hasBarrier1":false,"hasBarrier2":false,"legacyRiderOffset":0.0,"bveSoundBaseResource":"","legacySpeedSoundBaseResource":"c1141a","legacySpeedSoundCount":99,"legacyUseAccelerationSoundsWhenCoasting":false,"legacyConstantPlaybackSpeed":false,"legacyDoorSoundBaseResource":"sp1900","legacyDoorCloseSoundTime":0.0},{"id":"kh-ubahn_type_t1_rear_on_forward","name":"kh-ubahn Type T1 Rear On (forward)","color":"6F0000","transportMode":"TRAIN","length":7.5,"width":2.0,"bogie1Position":-2.75,"bogie2Position":2.75,"couplingPadding1":2.0,"couplingPadding2":0.0,"description":"The Bombardier Type T1 was constructed from 2007 to 2014 as the successor of the Type T trams. While they're similar to the Flexity Swift trams, they're not considered as one. In order to improve passenger comfort on the line U6, the trams received a cooling unit, a refreshed design (based on the Type V), LCD/LED displays and a new motor (similar to the WLB class 400 trams).\n\nFun fact: While all vehicles needed were built by 2009, additional trams were ordered to save the Bombardier factory from closure. ","wikipediaArticle":"","tags":[],"models":[{"modelResource":"mtr:kh-ubahn/type_t.bbmodel","textureResource":"mtr:kh-ubahn/type_t.png","modelPropertiesResource":"mtr:kh-ubahn/properties_5feca3e8.json","positionDefinitionsResource":"mtr:kh-ubahn/definition_90db406f.json","flipTextureV":true}],"bogie1Models":[{"modelResource":"mtr:kh-ubahn/type_t.bbmodel","textureResource":"mtr:kh-ubahn/type_t.png","modelPropertiesResource":"mtr:kh-ubahn/properties_fa0caaac.json","positionDefinitionsResource":"mtr:kh-ubahn/definition_4998f40b.json","flipTextureV":true}],"bogie2Models":[],"hasGangway1":false,"hasGangway2":true,"hasBarrier1":false,"hasBarrier2":false,"legacyRiderOffset":0.0,"bveSoundBaseResource":"","legacySpeedSoundBaseResource":"c1141a","legacySpeedSoundCount":99,"legacyUseAccelerationSoundsWhenCoasting":false,"legacyConstantPlaybackSpeed":false,"legacyDoorSoundBaseResource":"sp1900","legacyDoorCloseSoundTime":0.0},{"id":"kh-ubahn_type_t1_rear_off_forward","name":"kh-ubahn Type T1 Rear Off (forward)","color":"6F0000","transportMode":"TRAIN","length":7.5,"width":2.0,"bogie1Position":-2.75,"bogie2Position":2.75,"couplingPadding1":2.0,"couplingPadding2":0.0,"description":"The Bombardier Type T1 was constructed from 2007 to 2014 as the successor of the Type T trams. While they're similar to the Flexity Swift trams, they're not considered as one. In order to improve passenger comfort on the line U6, the trams received a cooling unit, a refreshed design (based on the Type V), LCD/LED displays and a new motor (similar to the WLB class 400 trams).\n\nFun fact: While all vehicles needed were built by 2009, additional trams were ordered to save the Bombardier factory from closure. ","wikipediaArticle":"","tags":[],"models":[{"modelResource":"mtr:kh-ubahn/type_t.bbmodel","textureResource":"mtr:kh-ubahn/type_t.png","modelPropertiesResource":"mtr:kh-ubahn/properties_2b88e081.json","positionDefinitionsResource":"mtr:kh-ubahn/definition_370048a4.json","flipTextureV":true}],"bogie1Models":[{"modelResource":"mtr:kh-ubahn/type_t.bbmodel","textureResource":"mtr:kh-ubahn/type_t.png","modelPropertiesResource":"mtr:kh-ubahn/properties_c32faff3.json","positionDefinitionsResource":"mtr:kh-ubahn/definition_63bf8c5a.json","flipTextureV":true}],"bogie2Models":[],"hasGangway1":false,"hasGangway2":true,"hasBarrier1":false,"hasBarrier2":false,"legacyRiderOffset":0.0,"bveSoundBaseResource":"","legacySpeedSoundBaseResource":"c1141a","legacySpeedSoundCount":99,"legacyUseAccelerationSoundsWhenCoasting":false,"legacyConstantPlaybackSpeed":false,"legacyDoorSoundBaseResource":"sp1900","legacyDoorCloseSoundTime":0.0},{"id":"kh-ubahn_type_t1_car_middle_forward","name":"kh-ubahn Type T1 Car panto (forward)","color":"6F0000","transportMode":"TRAIN","length":7.5,"width":2.0,"bogie1Position":-2.75,"bogie2Position":2.75,"couplingPadding1":0.0,"couplingPadding2":0.0,"description":"The Bombardier Type T1 was constructed from 2007 to 2014 as the successor of the Type T trams. While they're similar to the Flexity Swift trams, they're not considered as one. In order to improve passenger comfort on the line U6, the trams received a cooling unit, a refreshed design (based on the Type V), LCD/LED displays and a new motor (similar to the WLB class 400 trams).\n\nFun fact: While all vehicles needed were built by 2009, additional trams were ordered to save the Bombardier factory from closure. ","wikipediaArticle":"","tags":[],"models":[{"modelResource":"mtr:kh-ubahn/type_t.bbmodel","textureResource":"mtr:kh-ubahn/type_t.png","modelPropertiesResource":"mtr:kh-ubahn/properties_fb1ec96b.json","positionDefinitionsResource":"mtr:kh-ubahn/definition_d61f0d91.json","flipTextureV":true}],"bogie1Models":[{"modelResource":"mtr:kh-ubahn/type_t.bbmodel","textureResource":"mtr:kh-ubahn/type_t.png","modelPropertiesResource":"mtr:kh-ubahn/properties_600d67f7.json","positionDefinitionsResource":"mtr:kh-ubahn/definition_62662a17.json","flipTextureV":true}],"bogie2Models":[{"modelResource":"mtr:kh-ubahn/type_t.bbmodel","textureResource":"mtr:kh-ubahn/type_t.png","modelPropertiesResource":"mtr:kh-ubahn/properties_cfbf0a44.json","positionDefinitionsResource":"mtr:kh-ubahn/definition_316300be.json","flipTextureV":true}],"hasGangway1":true,"hasGangway2":true,"hasBarrier1":false,"hasBarrier2":false,"legacyRiderOffset":0.0,"bveSoundBaseResource":"","legacySpeedSoundBaseResource":"c1141a","legacySpeedSoundCount":99,"legacyUseAccelerationSoundsWhenCoasting":false,"legacyConstantPlaybackSpeed":false,"legacyDoorSoundBaseResource":"sp1900","legacyDoorCloseSoundTime":0.0},{"id":"kh-ubahn_type_t1_car_middle_panto_high_forward","name":"kh-ubahn Type T1 Car panto high (forward)","color":"6F0000","transportMode":"TRAIN","length":7.5,"width":2.0,"bogie1Position":-2.75,"bogie2Position":2.75,"couplingPadding1":0.0,"couplingPadding2":0.0,"description":"The Bombardier Type T1 was constructed from 2007 to 2014 as the successor of the Type T trams. While they're similar to the Flexity Swift trams, they're not considered as one. In order to improve passenger comfort on the line U6, the trams received a cooling unit, a refreshed design (based on the Type V), LCD/LED displays and a new motor (similar to the WLB class 400 trams).\n\nFun fact: While all vehicles needed were built by 2009, additional trams were ordered to save the Bombardier factory from closure. ","wikipediaArticle":"","tags":[],"models":[{"modelResource":"mtr:kh-ubahn/type_t.bbmodel","textureResource":"mtr:kh-ubahn/type_t.png","modelPropertiesResource":"mtr:kh-ubahn/properties_32a31f2e.json","positionDefinitionsResource":"mtr:kh-ubahn/definition_1a2e465d.json","flipTextureV":true}],"bogie1Models":[{"modelResource":"mtr:kh-ubahn/type_t.bbmodel","textureResource":"mtr:kh-ubahn/type_t.png","modelPropertiesResource":"mtr:kh-ubahn/properties_78f355c.json","positionDefinitionsResource":"mtr:kh-ubahn/definition_722e96c0.json","flipTextureV":true}],"bogie2Models":[{"modelResource":"mtr:kh-ubahn/type_t.bbmodel","textureResource":"mtr:kh-ubahn/type_t.png","modelPropertiesResource":"mtr:kh-ubahn/properties_701671a6.json","positionDefinitionsResource":"mtr:kh-ubahn/definition_100cf773.json","flipTextureV":true}],"hasGangway1":true,"hasGangway2":true,"hasBarrier1":false,"hasBarrier2":false,"legacyRiderOffset":0.0,"bveSoundBaseResource":"","legacySpeedSoundBaseResource":"c1141a","legacySpeedSoundCount":99,"legacyUseAccelerationSoundsWhenCoasting":false,"legacyConstantPlaybackSpeed":false,"legacyDoorSoundBaseResource":"sp1900","legacyDoorCloseSoundTime":0.0},{"id":"kh-ubahn_type_t1_car_middle_pantoless_forward","name":"kh-ubahn Type T1 Car pantoless (forward)","color":"6F0000","transportMode":"TRAIN","length":7.5,"width":2.0,"bogie1Position":-2.75,"bogie2Position":2.75,"couplingPadding1":0.0,"couplingPadding2":0.0,"description":"The Bombardier Type T1 was constructed from 2007 to 2014 as the successor of the Type T trams. While they're similar to the Flexity Swift trams, they're not considered as one. In order to improve passenger comfort on the line U6, the trams received a cooling unit, a refreshed design (based on the Type V), LCD/LED displays and a new motor (similar to the WLB class 400 trams).\n\nFun fact: While all vehicles needed were built by 2009, additional trams were ordered to save the Bombardier factory from closure. ","wikipediaArticle":"","tags":[],"models":[{"modelResource":"mtr:kh-ubahn/type_t.bbmodel","textureResource":"mtr:kh-ubahn/type_t.png","modelPropertiesResource":"mtr:kh-ubahn/properties_330bec16.json","positionDefinitionsResource":"mtr:kh-ubahn/definition_598d45a5.json","flipTextureV":true}],"bogie1Models":[{"modelResource":"mtr:kh-ubahn/type_t.bbmodel","textureResource":"mtr:kh-ubahn/type_t.png","modelPropertiesResource":"mtr:kh-ubahn/properties_b20eb2c1.json","positionDefinitionsResource":"mtr:kh-ubahn/definition_d92f0df0.json","flipTextureV":true}],"bogie2Models":[{"modelResource":"mtr:kh-ubahn/type_t.bbmodel","textureResource":"mtr:kh-ubahn/type_t.png","modelPropertiesResource":"mtr:kh-ubahn/properties_9d55df23.json","positionDefinitionsResource":"mtr:kh-ubahn/definition_b4ab8344.json","flipTextureV":true}],"hasGangway1":true,"hasGangway2":true,"hasBarrier1":false,"hasBarrier2":false,"legacyRiderOffset":0.0,"bveSoundBaseResource":"","legacySpeedSoundBaseResource":"c1141a","legacySpeedSoundCount":99,"legacyUseAccelerationSoundsWhenCoasting":false,"legacyConstantPlaybackSpeed":false,"legacyDoorSoundBaseResource":"sp1900","legacyDoorCloseSoundTime":0.0},{"id":"kh-ubahn_type_t1_car_middle_backward","name":"kh-ubahn Type T1 Car panto (backward)","color":"6F0000","transportMode":"TRAIN","length":7.5,"width":2.0,"bogie1Position":-2.75,"bogie2Position":2.75,"couplingPadding1":0.0,"couplingPadding2":0.0,"description":"The Bombardier Type T1 was constructed from 2007 to 2014 as the successor of the Type T trams. While they're similar to the Flexity Swift trams, they're not considered as one. In order to improve passenger comfort on the line U6, the trams received a cooling unit, a refreshed design (based on the Type V), LCD/LED displays and a new motor (similar to the WLB class 400 trams).\n\nFun fact: While all vehicles needed were built by 2009, additional trams were ordered to save the Bombardier factory from closure. ","wikipediaArticle":"","tags":[],"models":[{"modelResource":"mtr:kh-ubahn/type_t.bbmodel","textureResource":"mtr:kh-ubahn/type_t.png","modelPropertiesResource":"mtr:kh-ubahn/properties_34b0420d.json","positionDefinitionsResource":"mtr:kh-ubahn/definition_150d2e91.json","flipTextureV":true}],"bogie1Models":[{"modelResource":"mtr:kh-ubahn/type_t.bbmodel","textureResource":"mtr:kh-ubahn/type_t.png","modelPropertiesResource":"mtr:kh-ubahn/properties_ca7fe64b.json","positionDefinitionsResource":"mtr:kh-ubahn/definition_364ea2b7.json","flipTextureV":true}],"bogie2Models":[{"modelResource":"mtr:kh-ubahn/type_t.bbmodel","textureResource":"mtr:kh-ubahn/type_t.png","modelPropertiesResource":"mtr:kh-ubahn/properties_f6bfbcdb.json","positionDefinitionsResource":"mtr:kh-ubahn/definition_49c2a776.json","flipTextureV":true}],"hasGangway1":true,"hasGangway2":true,"hasBarrier1":false,"hasBarrier2":false,"legacyRiderOffset":0.0,"bveSoundBaseResource":"","legacySpeedSoundBaseResource":"c1141a","legacySpeedSoundCount":99,"legacyUseAccelerationSoundsWhenCoasting":false,"legacyConstantPlaybackSpeed":false,"legacyDoorSoundBaseResource":"sp1900","legacyDoorCloseSoundTime":0.0},{"id":"kh-ubahn_type_t1_car_middle_panto_high_backward","name":"kh-ubahn Type T1 Car panto high (backward)","color":"6F0000","transportMode":"TRAIN","length":7.5,"width":2.0,"bogie1Position":-2.75,"bogie2Position":2.75,"couplingPadding1":0.0,"couplingPadding2":0.0,"description":"The Bombardier Type T1 was constructed from 2007 to 2014 as the successor of the Type T trams. While they're similar to the Flexity Swift trams, they're not considered as one. In order to improve passenger comfort on the line U6, the trams received a cooling unit, a refreshed design (based on the Type V), LCD/LED displays and a new motor (similar to the WLB class 400 trams).\n\nFun fact: While all vehicles needed were built by 2009, additional trams were ordered to save the Bombardier factory from closure. ","wikipediaArticle":"","tags":[],"models":[{"modelResource":"mtr:kh-ubahn/type_t.bbmodel","textureResource":"mtr:kh-ubahn/type_t.png","modelPropertiesResource":"mtr:kh-ubahn/properties_ca3fd177.json","positionDefinitionsResource":"mtr:kh-ubahn/definition_99059ed.json","flipTextureV":true}],"bogie1Models":[{"modelResource":"mtr:kh-ubahn/type_t.bbmodel","textureResource":"mtr:kh-ubahn/type_t.png","modelPropertiesResource":"mtr:kh-ubahn/properties_b85a735b.json","positionDefinitionsResource":"mtr:kh-ubahn/definition_a4f32672.json","flipTextureV":true}],"bogie2Models":[{"modelResource":"mtr:kh-ubahn/type_t.bbmodel","textureResource":"mtr:kh-ubahn/type_t.png","modelPropertiesResource":"mtr:kh-ubahn/properties_4ef0bcf0.json","positionDefinitionsResource":"mtr:kh-ubahn/definition_75792fbb.json","flipTextureV":true}],"hasGangway1":true,"hasGangway2":true,"hasBarrier1":false,"hasBarrier2":false,"legacyRiderOffset":0.0,"bveSoundBaseResource":"","legacySpeedSoundBaseResource":"c1141a","legacySpeedSoundCount":99,"legacyUseAccelerationSoundsWhenCoasting":false,"legacyConstantPlaybackSpeed":false,"legacyDoorSoundBaseResource":"sp1900","legacyDoorCloseSoundTime":0.0},{"id":"kh-ubahn_type_t1_car_middle_pantoless_backward","name":"kh-ubahn Type T1 Car pantoless (backward)","color":"6F0000","transportMode":"TRAIN","length":7.5,"width":2.0,"bogie1Position":-2.75,"bogie2Position":2.75,"couplingPadding1":0.0,"couplingPadding2":0.0,"description":"The Bombardier Type T1 was constructed from 2007 to 2014 as the successor of the Type T trams. While they're similar to the Flexity Swift trams, they're not considered as one. In order to improve passenger comfort on the line U6, the trams received a cooling unit, a refreshed design (based on the Type V), LCD/LED displays and a new motor (similar to the WLB class 400 trams).\n\nFun fact: While all vehicles needed were built by 2009, additional trams were ordered to save the Bombardier factory from closure. ","wikipediaArticle":"","tags":[],"models":[{"modelResource":"mtr:kh-ubahn/type_t.bbmodel","textureResource":"mtr:kh-ubahn/type_t.png","modelPropertiesResource":"mtr:kh-ubahn/properties_e6512b54.json","positionDefinitionsResource":"mtr:kh-ubahn/definition_79b4a68f.json","flipTextureV":true}],"bogie1Models":[{"modelResource":"mtr:kh-ubahn/type_t.bbmodel","textureResource":"mtr:kh-ubahn/type_t.png","modelPropertiesResource":"mtr:kh-ubahn/properties_a4d8e70f.json","positionDefinitionsResource":"mtr:kh-ubahn/definition_b7aade51.json","flipTextureV":true}],"bogie2Models":[{"modelResource":"mtr:kh-ubahn/type_t.bbmodel","textureResource":"mtr:kh-ubahn/type_t.png","modelPropertiesResource":"mtr:kh-ubahn/properties_c43ffbca.json","positionDefinitionsResource":"mtr:kh-ubahn/definition_3e867086.json","flipTextureV":true}],"hasGangway1":true,"hasGangway2":true,"hasBarrier1":false,"hasBarrier2":false,"legacyRiderOffset":0.0,"bveSoundBaseResource":"","legacySpeedSoundBaseResource":"c1141a","legacySpeedSoundCount":99,"legacyUseAccelerationSoundsWhenCoasting":false,"legacyConstantPlaybackSpeed":false,"legacyDoorSoundBaseResource":"sp1900","legacyDoorCloseSoundTime":0.0},{"id":"kh-ubahn_type_t1_cab_on_backward","name":"kh-ubahn Type T1 Cab On (backward)","color":"6F0000","transportMode":"TRAIN","length":7.5,"width":2.0,"bogie1Position":-2.75,"bogie2Position":2.75,"couplingPadding1":0.0,"couplingPadding2":2.0,"description":"The Bombardier Type T1 was constructed from 2007 to 2014 as the successor of the Type T trams. While they're similar to the Flexity Swift trams, they're not considered as one. In order to improve passenger comfort on the line U6, the trams received a cooling unit, a refreshed design (based on the Type V), LCD/LED displays and a new motor (similar to the WLB class 400 trams).\n\nFun fact: While all vehicles needed were built by 2009, additional trams were ordered to save the Bombardier factory from closure. ","wikipediaArticle":"","tags":[],"models":[{"modelResource":"mtr:kh-ubahn/type_t.bbmodel","textureResource":"mtr:kh-ubahn/type_t.png","modelPropertiesResource":"mtr:kh-ubahn/properties_618a4ee6.json","positionDefinitionsResource":"mtr:kh-ubahn/definition_b12b53c7.json","flipTextureV":true}],"bogie1Models":[],"bogie2Models":[{"modelResource":"mtr:kh-ubahn/type_t.bbmodel","textureResource":"mtr:kh-ubahn/type_t.png","modelPropertiesResource":"mtr:kh-ubahn/properties_9f62187c.json","positionDefinitionsResource":"mtr:kh-ubahn/definition_18c3cb0d.json","flipTextureV":true}],"hasGangway1":true,"hasGangway2":false,"hasBarrier1":false,"hasBarrier2":false,"legacyRiderOffset":0.0,"bveSoundBaseResource":"","legacySpeedSoundBaseResource":"c1141a","legacySpeedSoundCount":99,"legacyUseAccelerationSoundsWhenCoasting":false,"legacyConstantPlaybackSpeed":false,"legacyDoorSoundBaseResource":"sp1900","legacyDoorCloseSoundTime":0.0},{"id":"kh-ubahn_type_t1_cab_drivable_backward","name":"kh-ubahn Type T1 Cab Drivable (backward)","color":"6F0000","transportMode":"TRAIN","length":7.5,"width":2.0,"bogie1Position":-2.75,"bogie2Position":2.75,"couplingPadding1":0.0,"couplingPadding2":2.0,"description":"The Bombardier Type T1 was constructed from 2007 to 2014 as the successor of the Type T trams. While they're similar to the Flexity Swift trams, they're not considered as one. In order to improve passenger comfort on the line U6, the trams received a cooling unit, a refreshed design (based on the Type V), LCD/LED displays and a new motor (similar to the WLB class 400 trams).\n\nFun fact: While all vehicles needed were built by 2009, additional trams were ordered to save the Bombardier factory from closure. ","wikipediaArticle":"","tags":[],"models":[{"modelResource":"mtr:kh-ubahn/type_t.bbmodel","textureResource":"mtr:kh-ubahn/type_t.png","modelPropertiesResource":"mtr:kh-ubahn/properties_d47075d5.json","positionDefinitionsResource":"mtr:kh-ubahn/definition_4515dfb1.json","flipTextureV":true}],"bogie1Models":[],"bogie2Models":[{"modelResource":"mtr:kh-ubahn/type_t.bbmodel","textureResource":"mtr:kh-ubahn/type_t.png","modelPropertiesResource":"mtr:kh-ubahn/properties_e454eba2.json","positionDefinitionsResource":"mtr:kh-ubahn/definition_49c24bb5.json","flipTextureV":true}],"hasGangway1":true,"hasGangway2":false,"hasBarrier1":false,"hasBarrier2":false,"legacyRiderOffset":0.0,"bveSoundBaseResource":"","legacySpeedSoundBaseResource":"c1141a","legacySpeedSoundCount":99,"legacyUseAccelerationSoundsWhenCoasting":false,"legacyConstantPlaybackSpeed":false,"legacyDoorSoundBaseResource":"sp1900","legacyDoorCloseSoundTime":0.0},{"id":"kh-ubahn_type_t1_cab_off_backward","name":"kh-ubahn Type T1 Cab Off (backward)","color":"6F0000","transportMode":"TRAIN","length":7.5,"width":2.0,"bogie1Position":-2.75,"bogie2Position":2.75,"couplingPadding1":0.0,"couplingPadding2":2.0,"description":"The Bombardier Type T1 was constructed from 2007 to 2014 as the successor of the Type T trams. While they're similar to the Flexity Swift trams, they're not considered as one. In order to improve passenger comfort on the line U6, the trams received a cooling unit, a refreshed design (based on the Type V), LCD/LED displays and a new motor (similar to the WLB class 400 trams).\n\nFun fact: While all vehicles needed were built by 2009, additional trams were ordered to save the Bombardier factory from closure. ","wikipediaArticle":"","tags":[],"models":[{"modelResource":"mtr:kh-ubahn/type_t.bbmodel","textureResource":"mtr:kh-ubahn/type_t.png","modelPropertiesResource":"mtr:kh-ubahn/properties_b438cd60.json","positionDefinitionsResource":"mtr:kh-ubahn/definition_c7f9d58.json","flipTextureV":true}],"bogie1Models":[],"bogie2Models":[{"modelResource":"mtr:kh-ubahn/type_t.bbmodel","textureResource":"mtr:kh-ubahn/type_t.png","modelPropertiesResource":"mtr:kh-ubahn/properties_6710f684.json","positionDefinitionsResource":"mtr:kh-ubahn/definition_b537c2fa.json","flipTextureV":true}],"hasGangway1":true,"hasGangway2":false,"hasBarrier1":false,"hasBarrier2":false,"legacyRiderOffset":0.0,"bveSoundBaseResource":"","legacySpeedSoundBaseResource":"c1141a","legacySpeedSoundCount":99,"legacyUseAccelerationSoundsWhenCoasting":false,"legacyConstantPlaybackSpeed":false,"legacyDoorSoundBaseResource":"sp1900","legacyDoorCloseSoundTime":0.0},{"id":"kh-ubahn_type_t1_rear_on_backward","name":"kh-ubahn Type T1 Rear On (backward)","color":"6F0000","transportMode":"TRAIN","length":7.5,"width":2.0,"bogie1Position":-2.75,"bogie2Position":2.75,"couplingPadding1":0.0,"couplingPadding2":2.0,"description":"The Bombardier Type T1 was constructed from 2007 to 2014 as the successor of the Type T trams. While they're similar to the Flexity Swift trams, they're not considered as one. In order to improve passenger comfort on the line U6, the trams received a cooling unit, a refreshed design (based on the Type V), LCD/LED displays and a new motor (similar to the WLB class 400 trams).\n\nFun fact: While all vehicles needed were built by 2009, additional trams were ordered to save the Bombardier factory from closure. ","wikipediaArticle":"","tags":[],"models":[{"modelResource":"mtr:kh-ubahn/type_t.bbmodel","textureResource":"mtr:kh-ubahn/type_t.png","modelPropertiesResource":"mtr:kh-ubahn/properties_f1d4fb98.json","positionDefinitionsResource":"mtr:kh-ubahn/definition_6cbad750.json","flipTextureV":true}],"bogie1Models":[],"bogie2Models":[{"modelResource":"mtr:kh-ubahn/type_t.bbmodel","textureResource":"mtr:kh-ubahn/type_t.png","modelPropertiesResource":"mtr:kh-ubahn/properties_b58d6bef.json","positionDefinitionsResource":"mtr:kh-ubahn/definition_ee307e4e.json","flipTextureV":true}],"hasGangway1":true,"hasGangway2":false,"hasBarrier1":false,"hasBarrier2":false,"legacyRiderOffset":0.0,"bveSoundBaseResource":"","legacySpeedSoundBaseResource":"c1141a","legacySpeedSoundCount":99,"legacyUseAccelerationSoundsWhenCoasting":false,"legacyConstantPlaybackSpeed":false,"legacyDoorSoundBaseResource":"sp1900","legacyDoorCloseSoundTime":0.0},{"id":"kh-ubahn_type_t1_rear_off_backward","name":"kh-ubahn Type T1 Rear Off (backward)","color":"6F0000","transportMode":"TRAIN","length":7.5,"width":2.0,"bogie1Position":-2.75,"bogie2Position":2.75,"couplingPadding1":0.0,"couplingPadding2":2.0,"description":"The Bombardier Type T1 was constructed from 2007 to 2014 as the successor of the Type T trams. While they're similar to the Flexity Swift trams, they're not considered as one. In order to improve passenger comfort on the line U6, the trams received a cooling unit, a refreshed design (based on the Type V), LCD/LED displays and a new motor (similar to the WLB class 400 trams).\n\nFun fact: While all vehicles needed were built by 2009, additional trams were ordered to save the Bombardier factory from closure. ","wikipediaArticle":"","tags":[],"models":[{"modelResource":"mtr:kh-ubahn/type_t.bbmodel","textureResource":"mtr:kh-ubahn/type_t.png","modelPropertiesResource":"mtr:kh-ubahn/properties_b939b14e.json","positionDefinitionsResource":"mtr:kh-ubahn/definition_5bf794fd.json","flipTextureV":true}],"bogie1Models":[],"bogie2Models":[{"modelResource":"mtr:kh-ubahn/type_t.bbmodel","textureResource":"mtr:kh-ubahn/type_t.png","modelPropertiesResource":"mtr:kh-ubahn/properties_9087e0df.json","positionDefinitionsResource":"mtr:kh-ubahn/definition_38113a68.json","flipTextureV":true}],"hasGangway1":true,"hasGangway2":false,"hasBarrier1":false,"hasBarrier2":false,"legacyRiderOffset":0.0,"bveSoundBaseResource":"","legacySpeedSoundBaseResource":"c1141a","legacySpeedSoundCount":99,"legacyUseAccelerationSoundsWhenCoasting":false,"legacyConstantPlaybackSpeed":false,"legacyDoorSoundBaseResource":"sp1900","legacyDoorCloseSoundTime":0.0},
 {
            "id": "kvg_vdl_citea",
            "name": "KVG VDL Citea LLE-120",
            "color": "E0E0E0",
            "transportMode": "TRAIN",
            "length": 12,
            "width": 2,
            "bogie1Position": -4.08,
            "bogie2Position": 4.08,
            "couplingPadding1": 0,
            "couplingPadding2": 0,
            "description": "The VDL Citea LLE-120 model used widely throughout Rastland.",
            "wikipediaArticle": "",
            "tags": [],
            "models": [
                {
                    "modelResource": "mtr:rastbus/vdl_citea.bbmodel",
                    "textureResource": "mtr:rastbus/vdl_citea.png",
                    "modelPropertiesResource": "mtr:rastbus/properties_vdl_citea.json",
                    "positionDefinitionsResource": "mtr:rastbus/definition_vdl_citea.json",
                    "flipTextureV": false
                }
            ],
            "bogie1Models": [],
            "bogie2Models": [],
            "hasGangway1": false,
            "hasGangway2": false,
            "hasBarrier1": false,
            "hasBarrier2": false,
            "legacyRiderOffset": -0.5,
            "bveSoundBaseResource": "vdl_citea",
            "legacySpeedSoundBaseResource": "",
            "legacySpeedSoundCount": 1,
            "legacyUseAccelerationSoundsWhenCoasting": false,
            "legacyConstantPlaybackSpeed": false,
            "legacyDoorSoundBaseResource": "",
            "legacyDoorCloseSoundTime": 0
        },
],"signs":[],"rails":[],"objects":[],"lifts":[]}