{
	"ahltor":{
		"sounds": [
			"khaventram:ahltor"]
	},
	"amkrpfgrb":{
		"sounds": [
			"khaventram:amkrpfgrb"]
	},
	"basstorfstr":{
		"sounds": [
			"khaventram:basstorfstr"]
	},
	"endstation":{
		"sounds": [
			"khaventram:endstation"]
	},
	"hbf":{
		"sounds": [
			"khaventram:hbf"]
	},
	"lisfld":{
		"sounds": [
			"khaventram:lisfld"]
	},
	"lisfldnord":{
		"sounds": [
			"khaventram:lisfldnord"]
	},
	"ostbhf":{
		"sounds": [
			"khaventram:ostbhf"]
	},
	"rlweg":{
		"sounds": [
			"khaventram:rlweg"]
	},
	"saltn":{
		"sounds": [
			"khaventram:saltn"]
	},
	"uavfld":{
		"sounds": [
			"khaventram:uavfld"]
	},
	"mpk":{
		"sounds": [
			"khaventram:mpk"]
	},
	"t2hbf":{
		"sounds": [
			"khaventram:T2Hbf"]
	},
	"t2am":{
		"sounds": [
			"khaventram:T2Am"]
	},
	"t3hbf":{
		"sounds": [
			"khaventram:T3Hbf"]
	},
	"t3ost":{
		"sounds": [
			"khaventram:T3Ost"]
	}
}