{"positionDefinitions":[{"name":"36bb39a0","positions":[{"x":0.0,"y":0.0,"z":0.0}],"positionsFlipped":[]},{"name":"4bb52e45","positions":[{"x":0.0,"y":0.0,"z":0.0}],"positionsFlipped":[]},{"name":"164653fd","positions":[{"x":0.0,"y":0.0,"z":-8.5}],"positionsFlipped":[{"x":0.0,"y":0.0,"z":-8.5}]},{"name":"712006e0","positions":[{"x":0.0,"y":0.0,"z":-8.5}],"positionsFlipped":[{"x":0.0,"y":0.0,"z":-8.5}]},{"name":"6d21e15","positions":[{"x":0.0,"y":0.0,"z":-8.5}],"positionsFlipped":[{"x":0.0,"y":0.0,"z":-8.5}]},{"name":"b81578e1","positions":[{"x":0.0,"y":0.0,"z":-8.5}],"positionsFlipped":[{"x":0.0,"y":0.0,"z":-8.5}]},{"name":"ded661b5","positions":[{"x":0.0,"y":0.0,"z":-8.5}],"positionsFlipped":[{"x":0.0,"y":0.0,"z":-8.5}]},{"name":"94b12b68","positions":[{"x":0.0,"y":0.0,"z":-8.5}],"positionsFlipped":[{"x":0.0,"y":0.0,"z":-8.5}]},{"name":"76cb0069","positions":[],"positionsFlipped":[{"x":0.0,"y":0.0,"z":0.0}]},{"name":"9467c0c5","positions":[],"positionsFlipped":[{"x":0.0,"y":0.0,"z":0.0}]},{"name":"6289b649","positions":[{"x":0.0,"y":0.0,"z":-40.0},{"x":0.0,"y":0.0,"z":-20.0},{"x":0.0,"y":0.0,"z":0.0},{"x":0.0,"y":0.0,"z":20.0},{"x":0.0,"y":0.0,"z":40.0}],"positionsFlipped":[{"x":0.0,"y":0.0,"z":-40.0},{"x":0.0,"y":0.0,"z":-20.0},{"x":0.0,"y":0.0,"z":0.0},{"x":0.0,"y":0.0,"z":20.0},{"x":0.0,"y":0.0,"z":40.0}]},{"name":"dc3760d5","positions":[],"positionsFlipped":[{"x":0.0,"y":0.0,"z":0.0}]},{"name":"8bd72429","positions":[],"positionsFlipped":[{"x":0.0,"y":0.0,"z":0.0}]},{"name":"e7ebd5c9","positions":[],"positionsFlipped":[{"x":0.0,"y":0.0,"z":0.0}]},{"name":"5929dee0","positions":[{"x":0.0,"y":0.0,"z":-8.5}],"positionsFlipped":[{"x":0.0,"y":0.0,"z":-8.5}]},{"name":"f90fcc6e","positions":[{"x":0.0,"y":0.0,"z":0.0}],"positionsFlipped":[]},{"name":"b3ebe985","positions":[{"x":0.0,"y":0.0,"z":0.0}],"positionsFlipped":[]},{"name":"795c6ade","positions":[{"x":0.0,"y":0.0,"z":0.0}],"positionsFlipped":[]},{"name":"c65fa0e3","positions":[],"positionsFlipped":[{"x":0.0,"y":0.0,"z":0.0}]}]}