{"positionDefinitions":[{"name":"eeacd8bb","positions":[{"x":0.0,"y":0.0,"z":0.0}],"positionsFlipped":[]},{"name":"e69b6c10","positions":[{"x":0.0,"y":0.0,"z":0.0}],"positionsFlipped":[]},{"name":"6c4be775","positions":[{"x":0.0,"y":0.0,"z":8.5}],"positionsFlipped":[{"x":0.0,"y":0.0,"z":8.5}]},{"name":"129d893a","positions":[{"x":0.0,"y":0.0,"z":8.5}],"positionsFlipped":[{"x":0.0,"y":0.0,"z":8.5}]},{"name":"b347ed43","positions":[{"x":0.0,"y":0.0,"z":8.5}],"positionsFlipped":[{"x":0.0,"y":0.0,"z":8.5}]},{"name":"72e53f9f","positions":[{"x":0.0,"y":0.0,"z":8.5}],"positionsFlipped":[{"x":0.0,"y":0.0,"z":8.5}]},{"name":"482fe3c3","positions":[{"x":0.0,"y":0.0,"z":8.5}],"positionsFlipped":[{"x":0.0,"y":0.0,"z":8.5}]},{"name":"6bb7c288","positions":[{"x":0.0,"y":0.0,"z":8.5}],"positionsFlipped":[{"x":0.0,"y":0.0,"z":8.5}]},{"name":"5360d41c","positions":[{"x":0.0,"y":0.0,"z":0.0}],"positionsFlipped":[]},{"name":"74163fbe","positions":[{"x":0.0,"y":0.0,"z":0.0}],"positionsFlipped":[]},{"name":"2b213193","positions":[{"x":0.0,"y":0.0,"z":-40.0},{"x":0.0,"y":0.0,"z":-20.0},{"x":0.0,"y":0.0,"z":0.0},{"x":0.0,"y":0.0,"z":20.0},{"x":0.0,"y":0.0,"z":40.0}],"positionsFlipped":[{"x":0.0,"y":0.0,"z":-40.0},{"x":0.0,"y":0.0,"z":-20.0},{"x":0.0,"y":0.0,"z":0.0},{"x":0.0,"y":0.0,"z":20.0},{"x":0.0,"y":0.0,"z":40.0}]},{"name":"4a93ae0","positions":[{"x":0.0,"y":0.0,"z":0.0}],"positionsFlipped":[]},{"name":"c860e894","positions":[{"x":0.0,"y":0.0,"z":0.0}],"positionsFlipped":[]},{"name":"f3d020ff","positions":[{"x":0.0,"y":0.0,"z":0.0}],"positionsFlipped":[]},{"name":"5ff53bc1","positions":[{"x":0.0,"y":0.0,"z":0.0}],"positionsFlipped":[]},{"name":"94fd8eb8","positions":[{"x":0.0,"y":0.0,"z":0.0}],"positionsFlipped":[]},{"name":"351fbc87","positions":[{"x":0.0,"y":0.0,"z":0.0}],"positionsFlipped":[]},{"name":"f58646a1","positions":[{"x":0.0,"y":0.0,"z":8.5}],"positionsFlipped":[{"x":0.0,"y":0.0,"z":8.5}]},{"name":"370d1532","positions":[{"x":0.0,"y":0.0,"z":0.0}],"positionsFlipped":[]},{"name":"cec53149","positions":[{"x":0.0,"y":0.0,"z":0.0}],"positionsFlipped":[]},{"name":"dbdaea1c","positions":[{"x":0.0,"y":0.0,"z":0.0}],"positionsFlipped":[]},{"name":"9a17755","positions":[],"positionsFlipped":[{"x":0.0,"y":0.0,"z":0.0}]},{"name":"fee6f67d","positions":[],"positionsFlipped":[{"x":0.0,"y":0.0,"z":0.0}]},{"name":"d685f7c2","positions":[],"positionsFlipped":[{"x":0.0,"y":0.0,"z":0.0}]},{"name":"3dc9ddb1","positions":[{"x":0.0,"y":0.0,"z":0.0}],"positionsFlipped":[]},{"name":"5180e061","positions":[{"x":0.0,"y":0.0,"z":0.0}],"positionsFlipped":[]}]}