{"positionDefinitions":[{"name":"7cd85e73","positions":[{"x":0.0,"y":0.0,"z":0.0}],"positionsFlipped":[]},{"name":"21659fc6","positions":[{"x":0.0,"y":0.0,"z":0.0}],"positionsFlipped":[]},{"name":"7acc1df8","positions":[{"x":0.0,"y":0.0,"z":8.5}],"positionsFlipped":[{"x":0.0,"y":0.0,"z":8.5}]},{"name":"7e1a7c9c","positions":[{"x":0.0,"y":0.0,"z":8.5}],"positionsFlipped":[{"x":0.0,"y":0.0,"z":8.5}]},{"name":"d3ae284e","positions":[{"x":0.0,"y":0.0,"z":8.5}],"positionsFlipped":[{"x":0.0,"y":0.0,"z":8.5}]},{"name":"9187fc8b","positions":[{"x":0.0,"y":0.0,"z":8.5}],"positionsFlipped":[{"x":0.0,"y":0.0,"z":8.5}]},{"name":"b2229b07","positions":[{"x":0.0,"y":0.0,"z":8.5}],"positionsFlipped":[{"x":0.0,"y":0.0,"z":8.5}]},{"name":"1339c06d","positions":[{"x":0.0,"y":0.0,"z":8.5}],"positionsFlipped":[{"x":0.0,"y":0.0,"z":8.5}]},{"name":"f367cdc6","positions":[{"x":0.0,"y":0.0,"z":0.0}],"positionsFlipped":[]},{"name":"d084b140","positions":[{"x":0.0,"y":0.0,"z":0.0}],"positionsFlipped":[]},{"name":"94c06228","positions":[{"x":0.0,"y":0.0,"z":-40.0},{"x":0.0,"y":0.0,"z":-20.0},{"x":0.0,"y":0.0,"z":0.0},{"x":0.0,"y":0.0,"z":20.0},{"x":0.0,"y":0.0,"z":40.0}],"positionsFlipped":[{"x":0.0,"y":0.0,"z":-40.0},{"x":0.0,"y":0.0,"z":-20.0},{"x":0.0,"y":0.0,"z":0.0},{"x":0.0,"y":0.0,"z":20.0},{"x":0.0,"y":0.0,"z":40.0}]},{"name":"ebb4481f","positions":[{"x":0.0,"y":0.0,"z":0.0}],"positionsFlipped":[]},{"name":"25f13d4c","positions":[{"x":0.0,"y":0.0,"z":0.0}],"positionsFlipped":[]},{"name":"61c1c29c","positions":[{"x":0.0,"y":0.0,"z":8.5}],"positionsFlipped":[{"x":0.0,"y":0.0,"z":8.5}]},{"name":"434578d2","positions":[],"positionsFlipped":[{"x":0.0,"y":0.0,"z":0.0}]},{"name":"dbe61b3c","positions":[],"positionsFlipped":[{"x":0.0,"y":0.0,"z":0.0}]},{"name":"9f5ebf89","positions":[],"positionsFlipped":[{"x":0.0,"y":0.0,"z":0.0}]},{"name":"55c2ef88","positions":[{"x":0.0,"y":0.0,"z":0.0}],"positionsFlipped":[]},{"name":"9ec2f13e","positions":[{"x":0.0,"y":0.0,"z":0.0}],"positionsFlipped":[]},{"name":"1cd86121","positions":[{"x":0.0,"y":0.0,"z":0.0}],"positionsFlipped":[]},{"name":"d225efa0","positions":[{"x":0.0,"y":0.0,"z":0.0}],"positionsFlipped":[]}]}