{"positionDefinitions":[{"name":"115a7ce","positions":[{"x":0.0,"y":0.0,"z":0.0}],"positionsFlipped":[]},{"name":"8745b219","positions":[{"x":0.0,"y":0.0,"z":0.0}],"positionsFlipped":[]},{"name":"34da32ca","positions":[{"x":0.0,"y":0.0,"z":8.5}],"positionsFlipped":[{"x":0.0,"y":0.0,"z":8.5}]},{"name":"bf3b5f57","positions":[{"x":0.0,"y":0.0,"z":8.5}],"positionsFlipped":[{"x":0.0,"y":0.0,"z":8.5}]},{"name":"5f034252","positions":[{"x":0.0,"y":0.0,"z":8.5}],"positionsFlipped":[{"x":0.0,"y":0.0,"z":8.5}]},{"name":"5b2d9252","positions":[{"x":0.0,"y":0.0,"z":8.5}],"positionsFlipped":[{"x":0.0,"y":0.0,"z":8.5}]},{"name":"e86d48f8","positions":[{"x":0.0,"y":0.0,"z":8.5}],"positionsFlipped":[{"x":0.0,"y":0.0,"z":8.5}]},{"name":"a4bbacc2","positions":[{"x":0.0,"y":0.0,"z":8.5}],"positionsFlipped":[{"x":0.0,"y":0.0,"z":8.5}]},{"name":"fe4fa5cd","positions":[{"x":0.0,"y":0.0,"z":0.0}],"positionsFlipped":[]},{"name":"1c69e75f","positions":[{"x":0.0,"y":0.0,"z":0.0}],"positionsFlipped":[]},{"name":"7c5157cd","positions":[{"x":0.0,"y":0.0,"z":-40.0},{"x":0.0,"y":0.0,"z":-20.0},{"x":0.0,"y":0.0,"z":0.0},{"x":0.0,"y":0.0,"z":20.0},{"x":0.0,"y":0.0,"z":40.0}],"positionsFlipped":[{"x":0.0,"y":0.0,"z":-40.0},{"x":0.0,"y":0.0,"z":-20.0},{"x":0.0,"y":0.0,"z":0.0},{"x":0.0,"y":0.0,"z":20.0},{"x":0.0,"y":0.0,"z":40.0}]},{"name":"de0339e0","positions":[{"x":0.0,"y":0.0,"z":0.0}],"positionsFlipped":[]},{"name":"a6651b79","positions":[{"x":0.0,"y":0.0,"z":0.0}],"positionsFlipped":[]},{"name":"bd7410e7","positions":[{"x":0.0,"y":0.0,"z":8.5}],"positionsFlipped":[{"x":0.0,"y":0.0,"z":8.5}]},{"name":"1f129ea3","positions":[],"positionsFlipped":[{"x":0.0,"y":0.0,"z":0.0}]},{"name":"adb392e5","positions":[],"positionsFlipped":[{"x":0.0,"y":0.0,"z":0.0}]},{"name":"e0070082","positions":[],"positionsFlipped":[{"x":0.0,"y":0.0,"z":0.0}]},{"name":"1e9f0a1f","positions":[{"x":0.0,"y":0.0,"z":0.0}],"positionsFlipped":[]},{"name":"aa958108","positions":[{"x":0.0,"y":0.0,"z":0.0}],"positionsFlipped":[]},{"name":"ed546f3d","positions":[{"x":0.0,"y":0.0,"z":0.0}],"positionsFlipped":[]},{"name":"ebc2a566","positions":[{"x":0.0,"y":0.0,"z":0.0}],"positionsFlipped":[]},{"name":"cf199b99","positions":[{"x":0.0,"y":0.0,"z":0.0}],"positionsFlipped":[]},{"name":"69b7d8bf","positions":[{"x":0.0,"y":0.0,"z":0.0}],"positionsFlipped":[]}]}