{"positionDefinitions":[{"name":"ff85d34d","positions":[{"x":0.0,"y":0.0,"z":0.0}],"positionsFlipped":[]},{"name":"8828dc90","positions":[{"x":0.0,"y":0.0,"z":0.0}],"positionsFlipped":[]},{"name":"b27135fe","positions":[{"x":0.0,"y":0.0,"z":-8.5}],"positionsFlipped":[{"x":0.0,"y":0.0,"z":-8.5}]},{"name":"aa451910","positions":[{"x":0.0,"y":0.0,"z":-8.5}],"positionsFlipped":[{"x":0.0,"y":0.0,"z":-8.5}]},{"name":"d2f30358","positions":[{"x":0.0,"y":0.0,"z":-8.5}],"positionsFlipped":[{"x":0.0,"y":0.0,"z":-8.5}]},{"name":"e78c9e78","positions":[{"x":0.0,"y":0.0,"z":-8.5}],"positionsFlipped":[{"x":0.0,"y":0.0,"z":-8.5}]},{"name":"ab4eafa9","positions":[{"x":0.0,"y":0.0,"z":-8.5}],"positionsFlipped":[{"x":0.0,"y":0.0,"z":-8.5}]},{"name":"519c1c16","positions":[{"x":0.0,"y":0.0,"z":-8.5}],"positionsFlipped":[{"x":0.0,"y":0.0,"z":-8.5}]},{"name":"285c2c33","positions":[],"positionsFlipped":[{"x":0.0,"y":0.0,"z":0.0}]},{"name":"3041b5f0","positions":[],"positionsFlipped":[{"x":0.0,"y":0.0,"z":0.0}]},{"name":"3874cf43","positions":[{"x":0.0,"y":0.0,"z":-40.0},{"x":0.0,"y":0.0,"z":-20.0},{"x":0.0,"y":0.0,"z":0.0},{"x":0.0,"y":0.0,"z":20.0},{"x":0.0,"y":0.0,"z":40.0}],"positionsFlipped":[{"x":0.0,"y":0.0,"z":-40.0},{"x":0.0,"y":0.0,"z":-20.0},{"x":0.0,"y":0.0,"z":0.0},{"x":0.0,"y":0.0,"z":20.0},{"x":0.0,"y":0.0,"z":40.0}]},{"name":"d2d502c2","positions":[],"positionsFlipped":[{"x":0.0,"y":0.0,"z":0.0}]},{"name":"5ee6d889","positions":[],"positionsFlipped":[{"x":0.0,"y":0.0,"z":0.0}]},{"name":"aa419cdb","positions":[{"x":0.0,"y":0.0,"z":-8.5}],"positionsFlipped":[{"x":0.0,"y":0.0,"z":-8.5}]},{"name":"aace48a0","positions":[{"x":0.0,"y":0.0,"z":0.0}],"positionsFlipped":[]},{"name":"bd4cfd18","positions":[{"x":0.0,"y":0.0,"z":0.0}],"positionsFlipped":[]},{"name":"d2a1629e","positions":[{"x":0.0,"y":0.0,"z":0.0}],"positionsFlipped":[]},{"name":"44963661","positions":[],"positionsFlipped":[{"x":0.0,"y":0.0,"z":0.0}]},{"name":"afa09fbe","positions":[],"positionsFlipped":[{"x":0.0,"y":0.0,"z":0.0}]},{"name":"f0caeb87","positions":[],"positionsFlipped":[{"x":0.0,"y":0.0,"z":0.0}]},{"name":"1ca0efc3","positions":[],"positionsFlipped":[{"x":0.0,"y":0.0,"z":0.0}]},{"name":"f39ab937","positions":[],"positionsFlipped":[{"x":0.0,"y":0.0,"z":0.0}]},{"name":"c6e92a48","positions":[],"positionsFlipped":[{"x":0.0,"y":0.0,"z":0.0}]}]}