{"positionDefinitions":[{"name":"10bdb212","positions":[{"x":0.0,"y":0.0,"z":0.0}],"positionsFlipped":[]},{"name":"1e4d66bd","positions":[{"x":0.0,"y":0.0,"z":0.0}],"positionsFlipped":[]},{"name":"bc97d089","positions":[{"x":0.0,"y":0.0,"z":0.0}],"positionsFlipped":[]},{"name":"b8ad34c","positions":[{"x":0.0,"y":0.0,"z":0.0},{"x":0.0,"y":0.0,"z":77.5},{"x":0.0,"y":0.0,"z":-77.5}],"positionsFlipped":[{"x":0.0,"y":0.0,"z":23.0},{"x":0.0,"y":0.0,"z":100.5},{"x":0.0,"y":0.0,"z":-54.5}]},{"name":"616f87d2","positions":[{"x":0.0,"y":0.0,"z":0.0},{"x":0.0,"y":0.0,"z":77.5},{"x":0.0,"y":0.0,"z":-77.5}],"positionsFlipped":[{"x":0.0,"y":0.0,"z":23.0},{"x":0.0,"y":0.0,"z":100.5},{"x":0.0,"y":0.0,"z":-54.5}]},{"name":"a185bcb5","positions":[{"x":0.0,"y":0.0,"z":0.0},{"x":0.0,"y":0.0,"z":77.5},{"x":0.0,"y":0.0,"z":-77.5}],"positionsFlipped":[{"x":0.0,"y":0.0,"z":23.0},{"x":0.0,"y":0.0,"z":100.5},{"x":0.0,"y":0.0,"z":-54.5}]},{"name":"81c8fac6","positions":[{"x":0.0,"y":0.0,"z":0.0},{"x":0.0,"y":0.0,"z":77.5},{"x":0.0,"y":0.0,"z":-77.5}],"positionsFlipped":[{"x":0.0,"y":0.0,"z":23.0},{"x":0.0,"y":0.0,"z":100.5},{"x":0.0,"y":0.0,"z":-54.5}]},{"name":"21dcd909","positions":[{"x":0.0,"y":0.0,"z":0.0}],"positionsFlipped":[]},{"name":"69cb4811","positions":[{"x":0.0,"y":0.0,"z":0.0}],"positionsFlipped":[]},{"name":"833fc745","positions":[{"x":0.0,"y":0.0,"z":0.0}],"positionsFlipped":[]},{"name":"505fcfb1","positions":[{"x":0.0,"y":0.0,"z":0.0}],"positionsFlipped":[]},{"name":"a1bada16","positions":[{"x":0.0,"y":0.0,"z":0.0}],"positionsFlipped":[]},{"name":"ec86c6c1","positions":[{"x":0.0,"y":0.0,"z":0.0}],"positionsFlipped":[]},{"name":"d4464054","positions":[{"x":0.0,"y":0.0,"z":0.0}],"positionsFlipped":[]},{"name":"9310cbb5","positions":[{"x":0.0,"y":0.0,"z":0.0},{"x":0.0,"y":0.0,"z":-77.5}],"positionsFlipped":[{"x":0.0,"y":0.0,"z":23.0},{"x":0.0,"y":0.0,"z":100.5}]},{"name":"12320509","positions":[{"x":0.0,"y":0.0,"z":0.0}],"positionsFlipped":[]},{"name":"cb43e0ab","positions":[{"x":0.0,"y":0.0,"z":0.0},{"x":0.0,"y":0.0,"z":77.5},{"x":0.0,"y":0.0,"z":-77.5}],"positionsFlipped":[{"x":0.0,"y":0.0,"z":23.0},{"x":0.0,"y":0.0,"z":100.5},{"x":0.0,"y":0.0,"z":-54.5}]},{"name":"93d55672","positions":[{"x":0.0,"y":0.0,"z":0.0},{"x":0.0,"y":0.0,"z":77.5},{"x":0.0,"y":0.0,"z":-77.5}],"positionsFlipped":[{"x":0.0,"y":0.0,"z":23.0},{"x":0.0,"y":0.0,"z":100.5},{"x":0.0,"y":0.0,"z":-54.5}]},{"name":"5da0d0e7","positions":[{"x":0.0,"y":0.0,"z":0.0}],"positionsFlipped":[]},{"name":"d4a4b26d","positions":[{"x":0.0,"y":0.0,"z":0.0},{"x":0.0,"y":0.0,"z":77.5},{"x":0.0,"y":0.0,"z":-77.5}],"positionsFlipped":[{"x":0.0,"y":0.0,"z":23.0},{"x":0.0,"y":0.0,"z":100.5},{"x":0.0,"y":0.0,"z":-54.5}]},{"name":"a0e16053","positions":[{"x":0.0,"y":0.0,"z":0.0},{"x":0.0,"y":0.0,"z":20.0},{"x":0.0,"y":0.0,"z":40.0},{"x":0.0,"y":0.0,"z":60.0},{"x":0.0,"y":0.0,"z":80.0},{"x":0.0,"y":0.0,"z":100.0},{"x":0.0,"y":0.0,"z":-20.0},{"x":0.0,"y":0.0,"z":-40.0},{"x":0.0,"y":0.0,"z":-60.0},{"x":0.0,"y":0.0,"z":-80.0},{"x":0.0,"y":0.0,"z":-100.0}],"positionsFlipped":[{"x":0.0,"y":0.0,"z":3.0},{"x":0.0,"y":0.0,"z":23.0},{"x":0.0,"y":0.0,"z":43.0},{"x":0.0,"y":0.0,"z":63.0},{"x":0.0,"y":0.0,"z":83.0},{"x":0.0,"y":0.0,"z":103.0},{"x":0.0,"y":0.0,"z":123.0},{"x":0.0,"y":0.0,"z":-17.0},{"x":0.0,"y":0.0,"z":-37.0},{"x":0.0,"y":0.0,"z":-57.0},{"x":0.0,"y":0.0,"z":-77.0}]},{"name":"b884cf7e","positions":[{"x":0.0,"y":0.0,"z":0.0}],"positionsFlipped":[]},{"name":"a00d7f1","positions":[{"x":0.0,"y":0.0,"z":0.0},{"x":0.0,"y":0.0,"z":-77.5}],"positionsFlipped":[]},{"name":"a35810bd","positions":[{"x":0.0,"y":0.0,"z":0.0},{"x":0.0,"y":0.0,"z":77.5},{"x":0.0,"y":0.0,"z":-77.5}],"positionsFlipped":[{"x":0.0,"y":0.0,"z":23.0},{"x":0.0,"y":0.0,"z":100.5},{"x":0.0,"y":0.0,"z":-54.5}]},{"name":"723c0dbd","positions":[{"x":0.0,"y":0.0,"z":0.0}],"positionsFlipped":[{"x":0.0,"y":0.0,"z":-215.0}]}]}