{"positionDefinitions":[{"name":"1b99b09b","positions":[{"x":0.0,"y":0.0,"z":0.0}],"positionsFlipped":[]},{"name":"b1e854b0","positions":[{"x":0.0,"y":0.0,"z":0.0}],"positionsFlipped":[]},{"name":"a039330","positions":[{"x":0.0,"y":0.0,"z":8.5}],"positionsFlipped":[{"x":0.0,"y":0.0,"z":8.5}]},{"name":"f2c9f3b5","positions":[{"x":0.0,"y":0.0,"z":8.5}],"positionsFlipped":[{"x":0.0,"y":0.0,"z":8.5}]},{"name":"71f3dbb1","positions":[{"x":0.0,"y":0.0,"z":8.5}],"positionsFlipped":[{"x":0.0,"y":0.0,"z":8.5}]},{"name":"718279e1","positions":[{"x":0.0,"y":0.0,"z":8.5}],"positionsFlipped":[{"x":0.0,"y":0.0,"z":8.5}]},{"name":"7455d050","positions":[{"x":0.0,"y":0.0,"z":8.5}],"positionsFlipped":[{"x":0.0,"y":0.0,"z":8.5}]},{"name":"ee4a1d38","positions":[{"x":0.0,"y":0.0,"z":8.5}],"positionsFlipped":[{"x":0.0,"y":0.0,"z":8.5}]},{"name":"cef5ddd2","positions":[{"x":0.0,"y":0.0,"z":0.0}],"positionsFlipped":[]},{"name":"481447c4","positions":[{"x":0.0,"y":0.0,"z":0.0}],"positionsFlipped":[]},{"name":"10fae134","positions":[{"x":0.0,"y":0.0,"z":-40.0},{"x":0.0,"y":0.0,"z":-20.0},{"x":0.0,"y":0.0,"z":0.0},{"x":0.0,"y":0.0,"z":20.0},{"x":0.0,"y":0.0,"z":40.0}],"positionsFlipped":[{"x":0.0,"y":0.0,"z":-40.0},{"x":0.0,"y":0.0,"z":-20.0},{"x":0.0,"y":0.0,"z":0.0},{"x":0.0,"y":0.0,"z":20.0},{"x":0.0,"y":0.0,"z":40.0}]},{"name":"2d5bab86","positions":[{"x":0.0,"y":0.0,"z":0.0}],"positionsFlipped":[]},{"name":"32796c39","positions":[{"x":0.0,"y":0.0,"z":0.0}],"positionsFlipped":[]},{"name":"2361f83","positions":[{"x":0.0,"y":0.0,"z":0.0}],"positionsFlipped":[]},{"name":"94cf83d5","positions":[{"x":0.0,"y":0.0,"z":0.0}],"positionsFlipped":[]},{"name":"33891fe8","positions":[{"x":0.0,"y":0.0,"z":0.0}],"positionsFlipped":[]},{"name":"e7f3fac","positions":[{"x":0.0,"y":0.0,"z":8.5}],"positionsFlipped":[{"x":0.0,"y":0.0,"z":8.5}]},{"name":"4c86ae83","positions":[{"x":0.0,"y":0.0,"z":0.0}],"positionsFlipped":[]},{"name":"dfa5d82","positions":[{"x":0.0,"y":0.0,"z":0.0}],"positionsFlipped":[]},{"name":"af4f10f7","positions":[{"x":0.0,"y":0.0,"z":0.0}],"positionsFlipped":[]},{"name":"88e14bfe","positions":[],"positionsFlipped":[{"x":0.0,"y":0.0,"z":0.0}]},{"name":"31c1d0be","positions":[],"positionsFlipped":[{"x":0.0,"y":0.0,"z":0.0}]},{"name":"4b0cb53","positions":[],"positionsFlipped":[{"x":0.0,"y":0.0,"z":0.0}]},{"name":"a1e35c0f","positions":[{"x":0.0,"y":0.0,"z":0.0}],"positionsFlipped":[]},{"name":"743f909d","positions":[{"x":0.0,"y":0.0,"z":0.0}],"positionsFlipped":[]},{"name":"3efba288","positions":[{"x":0.0,"y":0.0,"z":0.0}],"positionsFlipped":[]}]}