{"positionDefinitions":[{"name":"d5f1c9e0","positions":[{"x":0.0,"y":0.0,"z":0.0}],"positionsFlipped":[]},{"name":"34f34869","positions":[{"x":0.0,"y":0.0,"z":0.0}],"positionsFlipped":[]},{"name":"45444c35","positions":[{"x":0.0,"y":0.0,"z":0.0}],"positionsFlipped":[]},{"name":"6371769b","positions":[{"x":0.0,"y":0.0,"z":0.0},{"x":0.0,"y":0.0,"z":77.5},{"x":0.0,"y":0.0,"z":-77.5}],"positionsFlipped":[{"x":0.0,"y":0.0,"z":23.0},{"x":0.0,"y":0.0,"z":100.5},{"x":0.0,"y":0.0,"z":-54.5}]},{"name":"5e9f0a12","positions":[{"x":0.0,"y":0.0,"z":0.0},{"x":0.0,"y":0.0,"z":77.5},{"x":0.0,"y":0.0,"z":-77.5}],"positionsFlipped":[{"x":0.0,"y":0.0,"z":23.0},{"x":0.0,"y":0.0,"z":100.5},{"x":0.0,"y":0.0,"z":-54.5}]},{"name":"a7d69546","positions":[{"x":0.0,"y":0.0,"z":0.0},{"x":0.0,"y":0.0,"z":77.5},{"x":0.0,"y":0.0,"z":-77.5}],"positionsFlipped":[{"x":0.0,"y":0.0,"z":23.0},{"x":0.0,"y":0.0,"z":100.5},{"x":0.0,"y":0.0,"z":-54.5}]},{"name":"b930137c","positions":[{"x":0.0,"y":0.0,"z":0.0},{"x":0.0,"y":0.0,"z":77.5},{"x":0.0,"y":0.0,"z":-77.5}],"positionsFlipped":[{"x":0.0,"y":0.0,"z":23.0},{"x":0.0,"y":0.0,"z":100.5},{"x":0.0,"y":0.0,"z":-54.5}]},{"name":"506605dc","positions":[{"x":0.0,"y":0.0,"z":0.0}],"positionsFlipped":[]},{"name":"1e28bd58","positions":[{"x":0.0,"y":0.0,"z":0.0}],"positionsFlipped":[]},{"name":"ad106cbc","positions":[{"x":0.0,"y":0.0,"z":0.0}],"positionsFlipped":[]},{"name":"2a94c959","positions":[{"x":0.0,"y":0.0,"z":0.0}],"positionsFlipped":[]},{"name":"12cdbe7","positions":[{"x":0.0,"y":0.0,"z":0.0}],"positionsFlipped":[]},{"name":"f26ae983","positions":[{"x":0.0,"y":0.0,"z":0.0}],"positionsFlipped":[]},{"name":"ddeff0a4","positions":[{"x":0.0,"y":0.0,"z":0.0}],"positionsFlipped":[]},{"name":"32ce1f09","positions":[{"x":0.0,"y":0.0,"z":0.0}],"positionsFlipped":[]},{"name":"2f245206","positions":[{"x":0.0,"y":0.0,"z":0.0}],"positionsFlipped":[]},{"name":"baf2ef61","positions":[{"x":0.0,"y":0.0,"z":0.0}],"positionsFlipped":[]},{"name":"cb8ed61c","positions":[{"x":0.0,"y":0.0,"z":0.0}],"positionsFlipped":[]},{"name":"9fcc1d40","positions":[{"x":0.0,"y":0.0,"z":0.0}],"positionsFlipped":[]},{"name":"f1e1c966","positions":[{"x":0.0,"y":0.0,"z":0.0},{"x":0.0,"y":0.0,"z":-77.5}],"positionsFlipped":[{"x":0.0,"y":0.0,"z":23.0},{"x":0.0,"y":0.0,"z":100.5}]},{"name":"d704f8e1","positions":[{"x":0.0,"y":0.0,"z":0.0}],"positionsFlipped":[]},{"name":"5431dbe0","positions":[{"x":0.0,"y":0.0,"z":0.0}],"positionsFlipped":[]},{"name":"a056e7c0","positions":[{"x":0.0,"y":0.0,"z":0.0},{"x":0.0,"y":0.0,"z":77.5},{"x":0.0,"y":0.0,"z":-77.5}],"positionsFlipped":[{"x":0.0,"y":0.0,"z":23.0},{"x":0.0,"y":0.0,"z":100.5},{"x":0.0,"y":0.0,"z":-54.5}]},{"name":"a18af6be","positions":[{"x":0.0,"y":0.0,"z":0.0},{"x":0.0,"y":0.0,"z":77.5},{"x":0.0,"y":0.0,"z":-77.5}],"positionsFlipped":[{"x":0.0,"y":0.0,"z":23.0},{"x":0.0,"y":0.0,"z":100.5},{"x":0.0,"y":0.0,"z":-54.5}]},{"name":"4e2df040","positions":[{"x":0.0,"y":0.0,"z":0.0}],"positionsFlipped":[]},{"name":"28bef6c","positions":[{"x":0.0,"y":0.0,"z":0.0},{"x":0.0,"y":0.0,"z":77.5},{"x":0.0,"y":0.0,"z":-77.5}],"positionsFlipped":[{"x":0.0,"y":0.0,"z":23.0},{"x":0.0,"y":0.0,"z":100.5},{"x":0.0,"y":0.0,"z":-54.5}]},{"name":"8efc4aff","positions":[{"x":0.0,"y":0.0,"z":0.0},{"x":0.0,"y":0.0,"z":20.0},{"x":0.0,"y":0.0,"z":40.0},{"x":0.0,"y":0.0,"z":60.0},{"x":0.0,"y":0.0,"z":80.0},{"x":0.0,"y":0.0,"z":100.0},{"x":0.0,"y":0.0,"z":-20.0},{"x":0.0,"y":0.0,"z":-40.0},{"x":0.0,"y":0.0,"z":-60.0},{"x":0.0,"y":0.0,"z":-80.0},{"x":0.0,"y":0.0,"z":-100.0}],"positionsFlipped":[{"x":0.0,"y":0.0,"z":3.0},{"x":0.0,"y":0.0,"z":23.0},{"x":0.0,"y":0.0,"z":43.0},{"x":0.0,"y":0.0,"z":63.0},{"x":0.0,"y":0.0,"z":83.0},{"x":0.0,"y":0.0,"z":103.0},{"x":0.0,"y":0.0,"z":123.0},{"x":0.0,"y":0.0,"z":-17.0},{"x":0.0,"y":0.0,"z":-37.0},{"x":0.0,"y":0.0,"z":-57.0},{"x":0.0,"y":0.0,"z":-77.0}]},{"name":"934d4926","positions":[{"x":0.0,"y":0.0,"z":0.0}],"positionsFlipped":[]},{"name":"10949238","positions":[{"x":0.0,"y":0.0,"z":0.0},{"x":0.0,"y":0.0,"z":-77.5}],"positionsFlipped":[]},{"name":"b3604a35","positions":[{"x":0.0,"y":0.0,"z":0.0},{"x":0.0,"y":0.0,"z":77.5},{"x":0.0,"y":0.0,"z":-77.5}],"positionsFlipped":[{"x":0.0,"y":0.0,"z":23.0},{"x":0.0,"y":0.0,"z":100.5},{"x":0.0,"y":0.0,"z":-54.5}]},{"name":"4f75809a","positions":[{"x":0.0,"y":0.0,"z":0.0}],"positionsFlipped":[{"x":0.0,"y":0.0,"z":-215.0}]}]}