{"positionDefinitions":[{"name":"9cf9930","positions":[],"positionsFlipped":[{"x":0.0,"y":0.0,"z":0.0}]},{"name":"abc44507","positions":[],"positionsFlipped":[{"x":0.0,"y":0.0,"z":0.0}]},{"name":"41d2c9b1","positions":[],"positionsFlipped":[{"x":0.0,"y":0.0,"z":0.0}]},{"name":"2a70f8da","positions":[{"x":0.0,"y":0.0,"z":-23.0},{"x":0.0,"y":0.0,"z":-100.5},{"x":0.0,"y":0.0,"z":54.5}],"positionsFlipped":[{"x":0.0,"y":0.0,"z":0.0},{"x":0.0,"y":0.0,"z":77.5},{"x":0.0,"y":0.0,"z":-77.5}]},{"name":"f51ba902","positions":[{"x":0.0,"y":0.0,"z":-23.0},{"x":0.0,"y":0.0,"z":-100.5},{"x":0.0,"y":0.0,"z":54.5}],"positionsFlipped":[{"x":0.0,"y":0.0,"z":0.0},{"x":0.0,"y":0.0,"z":77.5},{"x":0.0,"y":0.0,"z":-77.5}]},{"name":"68951c2f","positions":[{"x":0.0,"y":0.0,"z":-23.0},{"x":0.0,"y":0.0,"z":-100.5},{"x":0.0,"y":0.0,"z":54.5}],"positionsFlipped":[{"x":0.0,"y":0.0,"z":0.0},{"x":0.0,"y":0.0,"z":77.5},{"x":0.0,"y":0.0,"z":-77.5}]},{"name":"82cd50fa","positions":[{"x":0.0,"y":0.0,"z":-23.0},{"x":0.0,"y":0.0,"z":-100.5},{"x":0.0,"y":0.0,"z":54.5}],"positionsFlipped":[{"x":0.0,"y":0.0,"z":0.0},{"x":0.0,"y":0.0,"z":77.5},{"x":0.0,"y":0.0,"z":-77.5}]},{"name":"ec63cb00","positions":[],"positionsFlipped":[{"x":0.0,"y":0.0,"z":0.0}]},{"name":"b1f53d75","positions":[],"positionsFlipped":[{"x":0.0,"y":0.0,"z":0.0}]},{"name":"afd74a7d","positions":[],"positionsFlipped":[{"x":0.0,"y":0.0,"z":0.0}]},{"name":"bb1b48f1","positions":[],"positionsFlipped":[{"x":0.0,"y":0.0,"z":0.0}]},{"name":"60aba5a5","positions":[],"positionsFlipped":[{"x":0.0,"y":0.0,"z":0.0}]},{"name":"c860b8e5","positions":[],"positionsFlipped":[{"x":0.0,"y":0.0,"z":0.0}]},{"name":"57f4921d","positions":[],"positionsFlipped":[{"x":0.0,"y":0.0,"z":0.0}]},{"name":"df2e8c09","positions":[],"positionsFlipped":[{"x":0.0,"y":0.0,"z":0.0}]},{"name":"96ae2f79","positions":[],"positionsFlipped":[{"x":0.0,"y":0.0,"z":0.0}]},{"name":"3326284","positions":[],"positionsFlipped":[{"x":0.0,"y":0.0,"z":0.0}]},{"name":"e08b4629","positions":[],"positionsFlipped":[{"x":0.0,"y":0.0,"z":0.0}]},{"name":"60753b49","positions":[{"x":0.0,"y":0.0,"z":-23.0},{"x":0.0,"y":0.0,"z":-100.5}],"positionsFlipped":[{"x":0.0,"y":0.0,"z":0.0},{"x":0.0,"y":0.0,"z":77.5}]},{"name":"ee601ded","positions":[],"positionsFlipped":[{"x":0.0,"y":0.0,"z":0.0}]},{"name":"c8cfda1f","positions":[],"positionsFlipped":[{"x":0.0,"y":0.0,"z":0.0}]},{"name":"c978159a","positions":[{"x":0.0,"y":0.0,"z":-23.0},{"x":0.0,"y":0.0,"z":-100.5},{"x":0.0,"y":0.0,"z":54.5}],"positionsFlipped":[{"x":0.0,"y":0.0,"z":0.0},{"x":0.0,"y":0.0,"z":77.5},{"x":0.0,"y":0.0,"z":-77.5}]},{"name":"1199f2a4","positions":[{"x":0.0,"y":0.0,"z":-23.0},{"x":0.0,"y":0.0,"z":-100.5},{"x":0.0,"y":0.0,"z":54.5}],"positionsFlipped":[{"x":0.0,"y":0.0,"z":0.0},{"x":0.0,"y":0.0,"z":77.5},{"x":0.0,"y":0.0,"z":-77.5}]},{"name":"dae730f","positions":[],"positionsFlipped":[{"x":0.0,"y":0.0,"z":0.0}]},{"name":"a808fdd9","positions":[{"x":0.0,"y":0.0,"z":-23.0},{"x":0.0,"y":0.0,"z":-100.5},{"x":0.0,"y":0.0,"z":54.5}],"positionsFlipped":[{"x":0.0,"y":0.0,"z":0.0},{"x":0.0,"y":0.0,"z":77.5},{"x":0.0,"y":0.0,"z":-77.5}]},{"name":"c8d496b8","positions":[{"x":0.0,"y":0.0,"z":-3.0},{"x":0.0,"y":0.0,"z":-23.0},{"x":0.0,"y":0.0,"z":-43.0},{"x":0.0,"y":0.0,"z":-63.0},{"x":0.0,"y":0.0,"z":-83.0},{"x":0.0,"y":0.0,"z":-103.0},{"x":0.0,"y":0.0,"z":-123.0},{"x":0.0,"y":0.0,"z":17.0},{"x":0.0,"y":0.0,"z":37.0},{"x":0.0,"y":0.0,"z":57.0},{"x":0.0,"y":0.0,"z":77.0}],"positionsFlipped":[{"x":0.0,"y":0.0,"z":0.0},{"x":0.0,"y":0.0,"z":20.0},{"x":0.0,"y":0.0,"z":40.0},{"x":0.0,"y":0.0,"z":60.0},{"x":0.0,"y":0.0,"z":80.0},{"x":0.0,"y":0.0,"z":100.0},{"x":0.0,"y":0.0,"z":-20.0},{"x":0.0,"y":0.0,"z":-40.0},{"x":0.0,"y":0.0,"z":-60.0},{"x":0.0,"y":0.0,"z":-80.0},{"x":0.0,"y":0.0,"z":-100.0}]},{"name":"8fa7b14d","positions":[],"positionsFlipped":[{"x":0.0,"y":0.0,"z":0.0},{"x":0.0,"y":0.0,"z":77.5}]},{"name":"f0e8d9d8","positions":[{"x":0.0,"y":0.0,"z":-23.0},{"x":0.0,"y":0.0,"z":-100.5},{"x":0.0,"y":0.0,"z":54.5}],"positionsFlipped":[{"x":0.0,"y":0.0,"z":0.0},{"x":0.0,"y":0.0,"z":77.5},{"x":0.0,"y":0.0,"z":-77.5}]},{"name":"e19fac66","positions":[{"x":0.0,"y":0.0,"z":215.0}],"positionsFlipped":[{"x":0.0,"y":0.0,"z":0.0}]},{"name":"e52a02c9","positions":[],"positionsFlipped":[{"x":0.0,"y":0.0,"z":0.0}]}]}