{"positionDefinitions":[{"name":"36e6927f","positions":[{"x":0.0,"y":0.0,"z":0.0}],"positionsFlipped":[]},{"name":"cb448c2d","positions":[{"x":0.0,"y":0.0,"z":0.0}],"positionsFlipped":[]},{"name":"85a76f1c","positions":[{"x":0.0,"y":0.0,"z":0.0}],"positionsFlipped":[]},{"name":"4e70b87a","positions":[{"x":0.0,"y":0.0,"z":0.0},{"x":0.0,"y":0.0,"z":77.5},{"x":0.0,"y":0.0,"z":-77.5}],"positionsFlipped":[{"x":0.0,"y":0.0,"z":23.0},{"x":0.0,"y":0.0,"z":100.5},{"x":0.0,"y":0.0,"z":-54.5}]},{"name":"8b4c8df3","positions":[{"x":0.0,"y":0.0,"z":0.0},{"x":0.0,"y":0.0,"z":77.5},{"x":0.0,"y":0.0,"z":-77.5}],"positionsFlipped":[{"x":0.0,"y":0.0,"z":23.0},{"x":0.0,"y":0.0,"z":100.5},{"x":0.0,"y":0.0,"z":-54.5}]},{"name":"6968cdc2","positions":[{"x":0.0,"y":0.0,"z":0.0},{"x":0.0,"y":0.0,"z":77.5},{"x":0.0,"y":0.0,"z":-77.5}],"positionsFlipped":[{"x":0.0,"y":0.0,"z":23.0},{"x":0.0,"y":0.0,"z":100.5},{"x":0.0,"y":0.0,"z":-54.5}]},{"name":"7ced7021","positions":[{"x":0.0,"y":0.0,"z":0.0},{"x":0.0,"y":0.0,"z":77.5},{"x":0.0,"y":0.0,"z":-77.5}],"positionsFlipped":[{"x":0.0,"y":0.0,"z":23.0},{"x":0.0,"y":0.0,"z":100.5},{"x":0.0,"y":0.0,"z":-54.5}]},{"name":"b91e868e","positions":[{"x":0.0,"y":0.0,"z":0.0}],"positionsFlipped":[]},{"name":"22bf6dc0","positions":[{"x":0.0,"y":0.0,"z":0.0}],"positionsFlipped":[]},{"name":"fd4df85b","positions":[{"x":0.0,"y":0.0,"z":0.0}],"positionsFlipped":[]},{"name":"8b63f064","positions":[{"x":0.0,"y":0.0,"z":0.0}],"positionsFlipped":[]},{"name":"a278ba5d","positions":[{"x":0.0,"y":0.0,"z":0.0}],"positionsFlipped":[]},{"name":"2cfebc36","positions":[{"x":0.0,"y":0.0,"z":0.0}],"positionsFlipped":[]},{"name":"1e1c3918","positions":[{"x":0.0,"y":0.0,"z":0.0}],"positionsFlipped":[]},{"name":"b4c61c18","positions":[{"x":0.0,"y":0.0,"z":0.0}],"positionsFlipped":[]},{"name":"e83e1de0","positions":[{"x":0.0,"y":0.0,"z":0.0}],"positionsFlipped":[]},{"name":"6f2511b2","positions":[{"x":0.0,"y":0.0,"z":0.0}],"positionsFlipped":[]},{"name":"adfc9cea","positions":[{"x":0.0,"y":0.0,"z":0.0}],"positionsFlipped":[]},{"name":"8086d95b","positions":[{"x":0.0,"y":0.0,"z":0.0},{"x":0.0,"y":0.0,"z":-77.5}],"positionsFlipped":[{"x":0.0,"y":0.0,"z":23.0},{"x":0.0,"y":0.0,"z":100.5}]},{"name":"71e9aacb","positions":[{"x":0.0,"y":0.0,"z":0.0}],"positionsFlipped":[]},{"name":"50a680da","positions":[{"x":0.0,"y":0.0,"z":0.0}],"positionsFlipped":[]},{"name":"4380d755","positions":[{"x":0.0,"y":0.0,"z":0.0},{"x":0.0,"y":0.0,"z":77.5},{"x":0.0,"y":0.0,"z":-77.5}],"positionsFlipped":[{"x":0.0,"y":0.0,"z":23.0},{"x":0.0,"y":0.0,"z":100.5},{"x":0.0,"y":0.0,"z":-54.5}]},{"name":"b793657c","positions":[{"x":0.0,"y":0.0,"z":0.0},{"x":0.0,"y":0.0,"z":77.5},{"x":0.0,"y":0.0,"z":-77.5}],"positionsFlipped":[{"x":0.0,"y":0.0,"z":23.0},{"x":0.0,"y":0.0,"z":100.5},{"x":0.0,"y":0.0,"z":-54.5}]},{"name":"8ecb0b69","positions":[{"x":0.0,"y":0.0,"z":0.0}],"positionsFlipped":[]},{"name":"12c9bc2b","positions":[{"x":0.0,"y":0.0,"z":0.0},{"x":0.0,"y":0.0,"z":77.5},{"x":0.0,"y":0.0,"z":-77.5}],"positionsFlipped":[{"x":0.0,"y":0.0,"z":23.0},{"x":0.0,"y":0.0,"z":100.5},{"x":0.0,"y":0.0,"z":-54.5}]},{"name":"edae185e","positions":[{"x":0.0,"y":0.0,"z":0.0},{"x":0.0,"y":0.0,"z":20.0},{"x":0.0,"y":0.0,"z":40.0},{"x":0.0,"y":0.0,"z":60.0},{"x":0.0,"y":0.0,"z":80.0},{"x":0.0,"y":0.0,"z":100.0},{"x":0.0,"y":0.0,"z":-20.0},{"x":0.0,"y":0.0,"z":-40.0},{"x":0.0,"y":0.0,"z":-60.0},{"x":0.0,"y":0.0,"z":-80.0},{"x":0.0,"y":0.0,"z":-100.0}],"positionsFlipped":[{"x":0.0,"y":0.0,"z":3.0},{"x":0.0,"y":0.0,"z":23.0},{"x":0.0,"y":0.0,"z":43.0},{"x":0.0,"y":0.0,"z":63.0},{"x":0.0,"y":0.0,"z":83.0},{"x":0.0,"y":0.0,"z":103.0},{"x":0.0,"y":0.0,"z":123.0},{"x":0.0,"y":0.0,"z":-17.0},{"x":0.0,"y":0.0,"z":-37.0},{"x":0.0,"y":0.0,"z":-57.0},{"x":0.0,"y":0.0,"z":-77.0}]},{"name":"9898fc5c","positions":[{"x":0.0,"y":0.0,"z":0.0}],"positionsFlipped":[]},{"name":"97a33bf7","positions":[{"x":0.0,"y":0.0,"z":0.0},{"x":0.0,"y":0.0,"z":-77.5}],"positionsFlipped":[]},{"name":"c83ae554","positions":[{"x":0.0,"y":0.0,"z":0.0},{"x":0.0,"y":0.0,"z":77.5},{"x":0.0,"y":0.0,"z":-77.5}],"positionsFlipped":[{"x":0.0,"y":0.0,"z":23.0},{"x":0.0,"y":0.0,"z":100.5},{"x":0.0,"y":0.0,"z":-54.5}]},{"name":"946a13e3","positions":[{"x":0.0,"y":0.0,"z":0.0}],"positionsFlipped":[{"x":0.0,"y":0.0,"z":-215.0}]},{"name":"1b69021c","positions":[{"x":0.0,"y":0.0,"z":0.0}],"positionsFlipped":[]}]}