{"positionDefinitions":[{"name":"3a54d3d0","positions":[{"x":0.0,"y":0.0,"z":0.0}],"positionsFlipped":[]},{"name":"1806f5f6","positions":[{"x":0.0,"y":0.0,"z":0.0}],"positionsFlipped":[]},{"name":"a8029330","positions":[{"x":0.0,"y":0.0,"z":-8.5}],"positionsFlipped":[{"x":0.0,"y":0.0,"z":-8.5}]},{"name":"85132bff","positions":[{"x":0.0,"y":0.0,"z":-8.5}],"positionsFlipped":[{"x":0.0,"y":0.0,"z":-8.5}]},{"name":"30ded8dc","positions":[{"x":0.0,"y":0.0,"z":-8.5}],"positionsFlipped":[{"x":0.0,"y":0.0,"z":-8.5}]},{"name":"f15dcde8","positions":[{"x":0.0,"y":0.0,"z":-8.5}],"positionsFlipped":[{"x":0.0,"y":0.0,"z":-8.5}]},{"name":"b314ff96","positions":[{"x":0.0,"y":0.0,"z":-8.5}],"positionsFlipped":[{"x":0.0,"y":0.0,"z":-8.5}]},{"name":"cfcfcb1a","positions":[{"x":0.0,"y":0.0,"z":-8.5}],"positionsFlipped":[{"x":0.0,"y":0.0,"z":-8.5}]},{"name":"7b06967f","positions":[],"positionsFlipped":[{"x":0.0,"y":0.0,"z":0.0}]},{"name":"2a6a0181","positions":[],"positionsFlipped":[{"x":0.0,"y":0.0,"z":0.0}]},{"name":"aa7de396","positions":[{"x":0.0,"y":0.0,"z":-40.0},{"x":0.0,"y":0.0,"z":-20.0},{"x":0.0,"y":0.0,"z":0.0},{"x":0.0,"y":0.0,"z":20.0},{"x":0.0,"y":0.0,"z":40.0}],"positionsFlipped":[{"x":0.0,"y":0.0,"z":-40.0},{"x":0.0,"y":0.0,"z":-20.0},{"x":0.0,"y":0.0,"z":0.0},{"x":0.0,"y":0.0,"z":20.0},{"x":0.0,"y":0.0,"z":40.0}]},{"name":"2805f813","positions":[],"positionsFlipped":[{"x":0.0,"y":0.0,"z":0.0}]},{"name":"b8a51855","positions":[],"positionsFlipped":[{"x":0.0,"y":0.0,"z":0.0}]},{"name":"b811185c","positions":[],"positionsFlipped":[{"x":0.0,"y":0.0,"z":0.0}]},{"name":"4391735e","positions":[],"positionsFlipped":[{"x":0.0,"y":0.0,"z":0.0}]},{"name":"88e0b1cc","positions":[],"positionsFlipped":[{"x":0.0,"y":0.0,"z":0.0}]},{"name":"df9811bb","positions":[],"positionsFlipped":[{"x":0.0,"y":0.0,"z":0.0}]},{"name":"74d40931","positions":[{"x":0.0,"y":0.0,"z":-8.5}],"positionsFlipped":[{"x":0.0,"y":0.0,"z":-8.5}]},{"name":"76f31ef7","positions":[],"positionsFlipped":[{"x":0.0,"y":0.0,"z":0.0}]},{"name":"b03587b7","positions":[],"positionsFlipped":[{"x":0.0,"y":0.0,"z":0.0}]},{"name":"5437408d","positions":[],"positionsFlipped":[{"x":0.0,"y":0.0,"z":0.0}]},{"name":"b5aee383","positions":[{"x":0.0,"y":0.0,"z":0.0}],"positionsFlipped":[]},{"name":"4006b250","positions":[{"x":0.0,"y":0.0,"z":0.0}],"positionsFlipped":[]},{"name":"a6543ba6","positions":[{"x":0.0,"y":0.0,"z":0.0}],"positionsFlipped":[]},{"name":"1eaa68e2","positions":[],"positionsFlipped":[{"x":0.0,"y":0.0,"z":0.0}]},{"name":"a1a69328","positions":[],"positionsFlipped":[{"x":0.0,"y":0.0,"z":0.0}]}]}