{"positionDefinitions":[{"name":"d54da965","positions":[{"x":0.0,"y":0.0,"z":0.0}],"positionsFlipped":[]},{"name":"f9779eb6","positions":[{"x":0.0,"y":0.0,"z":0.0}],"positionsFlipped":[]},{"name":"1e0e6896","positions":[{"x":0.0,"y":0.0,"z":0.0}],"positionsFlipped":[{"x":0.0,"y":0.0,"z":0.0}]},{"name":"6ba5330","positions":[{"x":0.0,"y":0.0,"z":0.0}],"positionsFlipped":[{"x":0.0,"y":0.0,"z":0.0}]},{"name":"97b13027","positions":[{"x":0.0,"y":0.0,"z":0.0}],"positionsFlipped":[{"x":0.0,"y":0.0,"z":0.0}]},{"name":"bb483439","positions":[{"x":0.0,"y":0.0,"z":0.0}],"positionsFlipped":[{"x":0.0,"y":0.0,"z":0.0}]},{"name":"2e01e85d","positions":[{"x":0.0,"y":0.0,"z":0.0}],"positionsFlipped":[{"x":0.0,"y":0.0,"z":0.0}]},{"name":"789d87e2","positions":[{"x":0.0,"y":0.0,"z":0.0}],"positionsFlipped":[{"x":0.0,"y":0.0,"z":0.0}]},{"name":"119e19c5","positions":[{"x":0.0,"y":0.0,"z":0.0}],"positionsFlipped":[]},{"name":"8f6b41aa","positions":[],"positionsFlipped":[{"x":0.0,"y":0.0,"z":0.0}]},{"name":"edc1373e","positions":[{"x":0.0,"y":0.0,"z":-40.0},{"x":0.0,"y":0.0,"z":-20.0},{"x":0.0,"y":0.0,"z":0.0},{"x":0.0,"y":0.0,"z":20.0},{"x":0.0,"y":0.0,"z":40.0}],"positionsFlipped":[{"x":0.0,"y":0.0,"z":-40.0},{"x":0.0,"y":0.0,"z":-20.0},{"x":0.0,"y":0.0,"z":0.0},{"x":0.0,"y":0.0,"z":20.0},{"x":0.0,"y":0.0,"z":40.0}]},{"name":"6bc8090f","positions":[{"x":0.0,"y":0.0,"z":0.0}],"positionsFlipped":[]},{"name":"852bf9ea","positions":[{"x":0.0,"y":0.0,"z":0.0}],"positionsFlipped":[{"x":0.0,"y":0.0,"z":0.0}]},{"name":"9e74d6e3","positions":[{"x":0.0,"y":0.0,"z":0.0}],"positionsFlipped":[{"x":0.0,"y":0.0,"z":0.0}]},{"name":"30d88d8a","positions":[{"x":0.0,"y":0.0,"z":0.0}],"positionsFlipped":[{"x":0.0,"y":0.0,"z":0.0}]},{"name":"44fb3665","positions":[{"x":0.0,"y":0.0,"z":0.0}],"positionsFlipped":[{"x":0.0,"y":0.0,"z":0.0}]},{"name":"8f895f3f","positions":[{"x":0.0,"y":0.0,"z":0.0}],"positionsFlipped":[{"x":0.0,"y":0.0,"z":0.0}]},{"name":"dbc35f5b","positions":[],"positionsFlipped":[{"x":0.0,"y":0.0,"z":0.0}]}]}