{"positionDefinitions":[{"name":"4890546e","positions":[],"positionsFlipped":[{"x":0.0,"y":0.0,"z":0.0}]},{"name":"3a591470","positions":[],"positionsFlipped":[{"x":0.0,"y":0.0,"z":0.0}]},{"name":"22dce208","positions":[],"positionsFlipped":[{"x":0.0,"y":0.0,"z":0.0}]},{"name":"41a93ca6","positions":[{"x":0.0,"y":0.0,"z":-23.0},{"x":0.0,"y":0.0,"z":-100.5},{"x":0.0,"y":0.0,"z":54.5}],"positionsFlipped":[{"x":0.0,"y":0.0,"z":0.0},{"x":0.0,"y":0.0,"z":77.5},{"x":0.0,"y":0.0,"z":-77.5}]},{"name":"d55f646e","positions":[{"x":0.0,"y":0.0,"z":-23.0},{"x":0.0,"y":0.0,"z":-100.5},{"x":0.0,"y":0.0,"z":54.5}],"positionsFlipped":[{"x":0.0,"y":0.0,"z":0.0},{"x":0.0,"y":0.0,"z":77.5},{"x":0.0,"y":0.0,"z":-77.5}]},{"name":"8a846e49","positions":[{"x":0.0,"y":0.0,"z":-23.0},{"x":0.0,"y":0.0,"z":-100.5},{"x":0.0,"y":0.0,"z":54.5}],"positionsFlipped":[{"x":0.0,"y":0.0,"z":0.0},{"x":0.0,"y":0.0,"z":77.5},{"x":0.0,"y":0.0,"z":-77.5}]},{"name":"a2f975b4","positions":[{"x":0.0,"y":0.0,"z":-23.0},{"x":0.0,"y":0.0,"z":-100.5},{"x":0.0,"y":0.0,"z":54.5}],"positionsFlipped":[{"x":0.0,"y":0.0,"z":0.0},{"x":0.0,"y":0.0,"z":77.5},{"x":0.0,"y":0.0,"z":-77.5}]},{"name":"3fe151f1","positions":[],"positionsFlipped":[{"x":0.0,"y":0.0,"z":0.0}]},{"name":"f2cc04f3","positions":[],"positionsFlipped":[{"x":0.0,"y":0.0,"z":0.0}]},{"name":"29e262d5","positions":[],"positionsFlipped":[{"x":0.0,"y":0.0,"z":0.0}]},{"name":"ce8f3f39","positions":[],"positionsFlipped":[{"x":0.0,"y":0.0,"z":0.0}]},{"name":"3fc3a1e3","positions":[],"positionsFlipped":[{"x":0.0,"y":0.0,"z":0.0}]},{"name":"7d811e60","positions":[],"positionsFlipped":[{"x":0.0,"y":0.0,"z":0.0}]},{"name":"1f9b8478","positions":[],"positionsFlipped":[{"x":0.0,"y":0.0,"z":0.0}]},{"name":"c8c57dcf","positions":[{"x":0.0,"y":0.0,"z":-23.0},{"x":0.0,"y":0.0,"z":-100.5}],"positionsFlipped":[{"x":0.0,"y":0.0,"z":0.0},{"x":0.0,"y":0.0,"z":77.5}]},{"name":"9ee0674d","positions":[],"positionsFlipped":[{"x":0.0,"y":0.0,"z":0.0}]},{"name":"219d7ceb","positions":[{"x":0.0,"y":0.0,"z":-23.0},{"x":0.0,"y":0.0,"z":-100.5},{"x":0.0,"y":0.0,"z":54.5}],"positionsFlipped":[{"x":0.0,"y":0.0,"z":0.0},{"x":0.0,"y":0.0,"z":77.5},{"x":0.0,"y":0.0,"z":-77.5}]},{"name":"4e55b05e","positions":[{"x":0.0,"y":0.0,"z":-23.0},{"x":0.0,"y":0.0,"z":-100.5},{"x":0.0,"y":0.0,"z":54.5}],"positionsFlipped":[{"x":0.0,"y":0.0,"z":0.0},{"x":0.0,"y":0.0,"z":77.5},{"x":0.0,"y":0.0,"z":-77.5}]},{"name":"be14da29","positions":[],"positionsFlipped":[{"x":0.0,"y":0.0,"z":0.0}]},{"name":"2e70b1a9","positions":[{"x":0.0,"y":0.0,"z":-23.0},{"x":0.0,"y":0.0,"z":-100.5},{"x":0.0,"y":0.0,"z":54.5}],"positionsFlipped":[{"x":0.0,"y":0.0,"z":0.0},{"x":0.0,"y":0.0,"z":77.5},{"x":0.0,"y":0.0,"z":-77.5}]},{"name":"70486aa3","positions":[{"x":0.0,"y":0.0,"z":-3.0},{"x":0.0,"y":0.0,"z":-23.0},{"x":0.0,"y":0.0,"z":-43.0},{"x":0.0,"y":0.0,"z":-63.0},{"x":0.0,"y":0.0,"z":-83.0},{"x":0.0,"y":0.0,"z":-103.0},{"x":0.0,"y":0.0,"z":-123.0},{"x":0.0,"y":0.0,"z":17.0},{"x":0.0,"y":0.0,"z":37.0},{"x":0.0,"y":0.0,"z":57.0},{"x":0.0,"y":0.0,"z":77.0}],"positionsFlipped":[{"x":0.0,"y":0.0,"z":0.0},{"x":0.0,"y":0.0,"z":20.0},{"x":0.0,"y":0.0,"z":40.0},{"x":0.0,"y":0.0,"z":60.0},{"x":0.0,"y":0.0,"z":80.0},{"x":0.0,"y":0.0,"z":100.0},{"x":0.0,"y":0.0,"z":-20.0},{"x":0.0,"y":0.0,"z":-40.0},{"x":0.0,"y":0.0,"z":-60.0},{"x":0.0,"y":0.0,"z":-80.0},{"x":0.0,"y":0.0,"z":-100.0}]},{"name":"ae9591d","positions":[],"positionsFlipped":[{"x":0.0,"y":0.0,"z":0.0},{"x":0.0,"y":0.0,"z":77.5}]},{"name":"e02072da","positions":[{"x":0.0,"y":0.0,"z":-23.0},{"x":0.0,"y":0.0,"z":-100.5},{"x":0.0,"y":0.0,"z":54.5}],"positionsFlipped":[{"x":0.0,"y":0.0,"z":0.0},{"x":0.0,"y":0.0,"z":77.5},{"x":0.0,"y":0.0,"z":-77.5}]},{"name":"483fd041","positions":[{"x":0.0,"y":0.0,"z":215.0}],"positionsFlipped":[{"x":0.0,"y":0.0,"z":0.0}]}]}