{"positionDefinitions":[{"name":"fc0eb44d","positions":[{"x":0.0,"y":0.0,"z":0.0}],"positionsFlipped":[]},{"name":"2e7790f8","positions":[{"x":0.0,"y":0.0,"z":0.0}],"positionsFlipped":[]},{"name":"6ad3813a","positions":[{"x":0.0,"y":0.0,"z":-8.5}],"positionsFlipped":[{"x":0.0,"y":0.0,"z":-8.5}]},{"name":"10788224","positions":[{"x":0.0,"y":0.0,"z":-8.5}],"positionsFlipped":[{"x":0.0,"y":0.0,"z":-8.5}]},{"name":"88825cb7","positions":[{"x":0.0,"y":0.0,"z":-8.5}],"positionsFlipped":[{"x":0.0,"y":0.0,"z":-8.5}]},{"name":"3e5c3f7c","positions":[{"x":0.0,"y":0.0,"z":-8.5}],"positionsFlipped":[{"x":0.0,"y":0.0,"z":-8.5}]},{"name":"e2d1b7ea","positions":[{"x":0.0,"y":0.0,"z":-8.5}],"positionsFlipped":[{"x":0.0,"y":0.0,"z":-8.5}]},{"name":"aa8d74ae","positions":[{"x":0.0,"y":0.0,"z":-8.5}],"positionsFlipped":[{"x":0.0,"y":0.0,"z":-8.5}]},{"name":"f259ffd8","positions":[],"positionsFlipped":[{"x":0.0,"y":0.0,"z":0.0}]},{"name":"4d07dad4","positions":[],"positionsFlipped":[{"x":0.0,"y":0.0,"z":0.0}]},{"name":"8c0215b8","positions":[{"x":0.0,"y":0.0,"z":-40.0},{"x":0.0,"y":0.0,"z":-20.0},{"x":0.0,"y":0.0,"z":0.0},{"x":0.0,"y":0.0,"z":20.0},{"x":0.0,"y":0.0,"z":40.0}],"positionsFlipped":[{"x":0.0,"y":0.0,"z":-40.0},{"x":0.0,"y":0.0,"z":-20.0},{"x":0.0,"y":0.0,"z":0.0},{"x":0.0,"y":0.0,"z":20.0},{"x":0.0,"y":0.0,"z":40.0}]},{"name":"66fc77b","positions":[],"positionsFlipped":[{"x":0.0,"y":0.0,"z":0.0}]},{"name":"1eebf5ea","positions":[],"positionsFlipped":[{"x":0.0,"y":0.0,"z":0.0}]},{"name":"b471ca63","positions":[],"positionsFlipped":[{"x":0.0,"y":0.0,"z":0.0}]},{"name":"6494910c","positions":[],"positionsFlipped":[{"x":0.0,"y":0.0,"z":0.0}]},{"name":"4fcb802f","positions":[],"positionsFlipped":[{"x":0.0,"y":0.0,"z":0.0}]},{"name":"b5260ed0","positions":[{"x":0.0,"y":0.0,"z":-8.5}],"positionsFlipped":[{"x":0.0,"y":0.0,"z":-8.5}]},{"name":"6a36d0fc","positions":[],"positionsFlipped":[{"x":0.0,"y":0.0,"z":0.0}]},{"name":"b9d46611","positions":[],"positionsFlipped":[{"x":0.0,"y":0.0,"z":0.0}]},{"name":"d1bae1a","positions":[],"positionsFlipped":[{"x":0.0,"y":0.0,"z":0.0}]},{"name":"936721f6","positions":[{"x":0.0,"y":0.0,"z":0.0}],"positionsFlipped":[]},{"name":"fe6e80d2","positions":[{"x":0.0,"y":0.0,"z":0.0}],"positionsFlipped":[]},{"name":"8604a6e1","positions":[{"x":0.0,"y":0.0,"z":0.0}],"positionsFlipped":[]},{"name":"3b3a9fa7","positions":[],"positionsFlipped":[{"x":0.0,"y":0.0,"z":0.0}]},{"name":"e0d5865f","positions":[],"positionsFlipped":[{"x":0.0,"y":0.0,"z":0.0}]},{"name":"78f916d3","positions":[],"positionsFlipped":[{"x":0.0,"y":0.0,"z":0.0}]}]}