{"positionDefinitions":[{"name":"594683f5","positions":[{"x":0.0,"y":0.0,"z":0.0}],"positionsFlipped":[]},{"name":"1d1d5021","positions":[{"x":0.0,"y":0.0,"z":0.0}],"positionsFlipped":[]},{"name":"37726b54","positions":[{"x":0.0,"y":0.0,"z":0.0}],"positionsFlipped":[]},{"name":"ebff23b2","positions":[{"x":0.0,"y":0.0,"z":0.0}],"positionsFlipped":[]},{"name":"3c0561b3","positions":[{"x":0.0,"y":0.0,"z":0.0},{"x":0.0,"y":0.0,"z":114.0}],"positionsFlipped":[{"x":0.0,"y":0.0,"z":0.0},{"x":0.0,"y":0.0,"z":-114.0}]},{"name":"1ab852b2","positions":[{"x":0.0,"y":0.0,"z":0.0},{"x":0.0,"y":0.0,"z":114.0}],"positionsFlipped":[{"x":0.0,"y":0.0,"z":0.0},{"x":0.0,"y":0.0,"z":-114.0}]},{"name":"9fff7e4d","positions":[{"x":0.0,"y":0.0,"z":0.0},{"x":0.0,"y":0.0,"z":114.0}],"positionsFlipped":[{"x":0.0,"y":0.0,"z":0.0},{"x":0.0,"y":0.0,"z":-114.0}]},{"name":"fb03d22","positions":[],"positionsFlipped":[{"x":0.0,"y":0.0,"z":0.0}]},{"name":"cb2d2a99","positions":[],"positionsFlipped":[{"x":0.0,"y":0.0,"z":0.0}]},{"name":"a38e646e","positions":[],"positionsFlipped":[{"x":0.0,"y":0.0,"z":0.0}]},{"name":"b48448d3","positions":[],"positionsFlipped":[{"x":0.0,"y":0.0,"z":0.0}]},{"name":"5fc02b14","positions":[],"positionsFlipped":[{"x":0.0,"y":0.0,"z":0.0}]},{"name":"3b3698cf","positions":[],"positionsFlipped":[{"x":0.0,"y":0.0,"z":0.0}]},{"name":"ec3f982a","positions":[],"positionsFlipped":[{"x":0.0,"y":0.0,"z":0.0}]},{"name":"954eb4eb","positions":[],"positionsFlipped":[{"x":0.0,"y":0.0,"z":0.0}]},{"name":"934ead50","positions":[{"x":0.0,"y":0.0,"z":0.0},{"x":0.0,"y":0.0,"z":80.0},{"x":0.0,"y":0.0,"z":-80.0}],"positionsFlipped":[{"x":0.0,"y":0.0,"z":0.0},{"x":0.0,"y":0.0,"z":80.0},{"x":0.0,"y":0.0,"z":-80.0}]},{"name":"fee4af94","positions":[{"x":0.0,"y":0.0,"z":0.0},{"x":0.0,"y":0.0,"z":80.0},{"x":0.0,"y":0.0,"z":-80.0}],"positionsFlipped":[{"x":0.0,"y":0.0,"z":0.0},{"x":0.0,"y":0.0,"z":80.0},{"x":0.0,"y":0.0,"z":-80.0}]},{"name":"9c8771d5","positions":[{"x":0.0,"y":0.0,"z":0.0},{"x":0.0,"y":0.0,"z":80.0},{"x":0.0,"y":0.0,"z":-80.0}],"positionsFlipped":[{"x":0.0,"y":0.0,"z":0.0},{"x":0.0,"y":0.0,"z":80.0},{"x":0.0,"y":0.0,"z":-80.0}]},{"name":"d125c8ea","positions":[{"x":0.0,"y":0.0,"z":0.0},{"x":0.0,"y":0.0,"z":80.0},{"x":0.0,"y":0.0,"z":-80.0}],"positionsFlipped":[{"x":0.0,"y":0.0,"z":0.0},{"x":0.0,"y":0.0,"z":80.0},{"x":0.0,"y":0.0,"z":-80.0}]},{"name":"b69a8b4c","positions":[{"x":0.0,"y":0.0,"z":0.0},{"x":0.0,"y":0.0,"z":80.0},{"x":0.0,"y":0.0,"z":-80.0}],"positionsFlipped":[{"x":0.0,"y":0.0,"z":0.0},{"x":0.0,"y":0.0,"z":80.0},{"x":0.0,"y":0.0,"z":-80.0}]},{"name":"dcf2b9d0","positions":[{"x":0.0,"y":0.0,"z":0.0},{"x":0.0,"y":0.0,"z":80.0},{"x":0.0,"y":0.0,"z":-80.0}],"positionsFlipped":[{"x":0.0,"y":0.0,"z":0.0},{"x":0.0,"y":0.0,"z":80.0},{"x":0.0,"y":0.0,"z":-80.0}]},{"name":"ba0787ce","positions":[{"x":0.0,"y":0.0,"z":0.0},{"x":0.0,"y":0.0,"z":-216.0}],"positionsFlipped":[{"x":0.0,"y":0.0,"z":0.0},{"x":0.0,"y":0.0,"z":216.0}]},{"name":"2cd7f72c","positions":[{"x":0.0,"y":0.0,"z":-100.0},{"x":0.0,"y":0.0,"z":-80.0},{"x":0.0,"y":0.0,"z":-60.0},{"x":0.0,"y":0.0,"z":-40.0},{"x":0.0,"y":0.0,"z":-20.0},{"x":0.0,"y":0.0,"z":0.0},{"x":0.0,"y":0.0,"z":20.0},{"x":0.0,"y":0.0,"z":40.0},{"x":0.0,"y":0.0,"z":60.0},{"x":0.0,"y":0.0,"z":80.0},{"x":0.0,"y":0.0,"z":100.0}],"positionsFlipped":[{"x":0.0,"y":0.0,"z":-100.0},{"x":0.0,"y":0.0,"z":-80.0},{"x":0.0,"y":0.0,"z":-60.0},{"x":0.0,"y":0.0,"z":-40.0},{"x":0.0,"y":0.0,"z":-20.0},{"x":0.0,"y":0.0,"z":0.0},{"x":0.0,"y":0.0,"z":20.0},{"x":0.0,"y":0.0,"z":40.0},{"x":0.0,"y":0.0,"z":60.0},{"x":0.0,"y":0.0,"z":80.0},{"x":0.0,"y":0.0,"z":100.0}]},{"name":"b3c9f731","positions":[],"positionsFlipped":[{"x":0.0,"y":0.0,"z":0.0}]},{"name":"8758d420","positions":[{"x":0.0,"y":0.0,"z":0.0}],"positionsFlipped":[{"x":0.0,"y":0.0,"z":-234.0}]},{"name":"f11e42d5","positions":[{"x":0.0,"y":0.0,"z":230.0}],"positionsFlipped":[{"x":0.0,"y":0.0,"z":0.0}]},{"name":"ef5c854a","positions":[{"x":0.0,"y":0.0,"z":0.0}],"positionsFlipped":[{"x":0.0,"y":0.0,"z":0.0}]},{"name":"873df89","positions":[{"x":0.0,"y":0.0,"z":0.0},{"x":0.0,"y":0.0,"z":-80.0}],"positionsFlipped":[{"x":0.0,"y":0.0,"z":0.0},{"x":0.0,"y":0.0,"z":80.0}]},{"name":"7f91c5c4","positions":[{"x":0.0,"y":0.0,"z":0.0}],"positionsFlipped":[]},{"name":"1d28832a","positions":[],"positionsFlipped":[{"x":0.0,"y":0.0,"z":0.0}]},{"name":"c032d17b","positions":[],"positionsFlipped":[{"x":0.0,"y":0.0,"z":0.0}]},{"name":"4896e17","positions":[{"x":0.0,"y":0.0,"z":0.0},{"x":0.0,"y":0.0,"z":80.0},{"x":0.0,"y":0.0,"z":-80.0}],"positionsFlipped":[{"x":0.0,"y":0.0,"z":0.0},{"x":0.0,"y":0.0,"z":80.0},{"x":0.0,"y":0.0,"z":-80.0}]},{"name":"589418cb","positions":[{"x":0.0,"y":0.0,"z":0.0},{"x":0.0,"y":0.0,"z":80.0},{"x":0.0,"y":0.0,"z":-80.0}],"positionsFlipped":[{"x":0.0,"y":0.0,"z":0.0},{"x":0.0,"y":0.0,"z":80.0},{"x":0.0,"y":0.0,"z":-80.0}]},{"name":"698d1261","positions":[{"x":0.0,"y":0.0,"z":0.0},{"x":0.0,"y":0.0,"z":80.0},{"x":0.0,"y":0.0,"z":-80.0}],"positionsFlipped":[{"x":0.0,"y":0.0,"z":0.0},{"x":0.0,"y":0.0,"z":80.0},{"x":0.0,"y":0.0,"z":-80.0}]},{"name":"6a0c16de","positions":[{"x":0.0,"y":0.0,"z":0.0},{"x":0.0,"y":0.0,"z":80.0},{"x":0.0,"y":0.0,"z":-80.0}],"positionsFlipped":[{"x":0.0,"y":0.0,"z":0.0},{"x":0.0,"y":0.0,"z":80.0},{"x":0.0,"y":0.0,"z":-80.0}]},{"name":"e2b85f77","positions":[{"x":0.0,"y":0.0,"z":0.0},{"x":0.0,"y":0.0,"z":80.0},{"x":0.0,"y":0.0,"z":-80.0}],"positionsFlipped":[{"x":0.0,"y":0.0,"z":0.0},{"x":0.0,"y":0.0,"z":80.0},{"x":0.0,"y":0.0,"z":-80.0}]},{"name":"3a50810f","positions":[{"x":0.0,"y":0.0,"z":0.0},{"x":0.0,"y":0.0,"z":80.0},{"x":0.0,"y":0.0,"z":-80.0}],"positionsFlipped":[{"x":0.0,"y":0.0,"z":0.0},{"x":0.0,"y":0.0,"z":80.0},{"x":0.0,"y":0.0,"z":-80.0}]},{"name":"4bee0f83","positions":[{"x":0.0,"y":0.0,"z":0.0},{"x":0.0,"y":0.0,"z":80.0},{"x":0.0,"y":0.0,"z":-80.0}],"positionsFlipped":[{"x":0.0,"y":0.0,"z":0.0},{"x":0.0,"y":0.0,"z":80.0},{"x":0.0,"y":0.0,"z":-80.0}]},{"name":"f8c04ce0","positions":[{"x":0.0,"y":0.0,"z":0.0},{"x":0.0,"y":0.0,"z":80.0},{"x":0.0,"y":0.0,"z":-80.0}],"positionsFlipped":[{"x":0.0,"y":0.0,"z":0.0},{"x":0.0,"y":0.0,"z":80.0},{"x":0.0,"y":0.0,"z":-80.0}]},{"name":"a1c6a796","positions":[{"x":0.0,"y":0.0,"z":0.0},{"x":0.0,"y":0.0,"z":80.0},{"x":0.0,"y":0.0,"z":-80.0}],"positionsFlipped":[{"x":0.0,"y":0.0,"z":0.0},{"x":0.0,"y":0.0,"z":80.0},{"x":0.0,"y":0.0,"z":-80.0}]},{"name":"c0f8d6ac","positions":[{"x":0.0,"y":0.0,"z":0.0},{"x":0.0,"y":0.0,"z":80.0},{"x":0.0,"y":0.0,"z":-80.0}],"positionsFlipped":[{"x":0.0,"y":0.0,"z":0.0},{"x":0.0,"y":0.0,"z":80.0},{"x":0.0,"y":0.0,"z":-80.0}]},{"name":"a13ef423","positions":[{"x":0.0,"y":0.0,"z":0.0},{"x":0.0,"y":0.0,"z":80.0},{"x":0.0,"y":0.0,"z":-80.0}],"positionsFlipped":[{"x":0.0,"y":0.0,"z":0.0},{"x":0.0,"y":0.0,"z":80.0},{"x":0.0,"y":0.0,"z":-80.0}]},{"name":"4e6b7111","positions":[{"x":0.0,"y":0.0,"z":0.0},{"x":0.0,"y":0.0,"z":80.0},{"x":0.0,"y":0.0,"z":-80.0}],"positionsFlipped":[{"x":0.0,"y":0.0,"z":0.0},{"x":0.0,"y":0.0,"z":80.0},{"x":0.0,"y":0.0,"z":-80.0}]},{"name":"d762bd8e","positions":[{"x":0.0,"y":0.0,"z":0.0},{"x":0.0,"y":0.0,"z":80.0},{"x":0.0,"y":0.0,"z":-80.0}],"positionsFlipped":[{"x":0.0,"y":0.0,"z":0.0},{"x":0.0,"y":0.0,"z":80.0},{"x":0.0,"y":0.0,"z":-80.0}]},{"name":"aa438887","positions":[{"x":0.0,"y":0.0,"z":0.0},{"x":0.0,"y":0.0,"z":80.0},{"x":0.0,"y":0.0,"z":-80.0}],"positionsFlipped":[{"x":0.0,"y":0.0,"z":0.0},{"x":0.0,"y":0.0,"z":80.0},{"x":0.0,"y":0.0,"z":-80.0}]},{"name":"955df1d5","positions":[{"x":0.0,"y":0.0,"z":0.0},{"x":0.0,"y":0.0,"z":80.0},{"x":0.0,"y":0.0,"z":-80.0}],"positionsFlipped":[{"x":0.0,"y":0.0,"z":0.0},{"x":0.0,"y":0.0,"z":80.0},{"x":0.0,"y":0.0,"z":-80.0}]},{"name":"8f832bb5","positions":[{"x":0.0,"y":0.0,"z":0.0},{"x":0.0,"y":0.0,"z":80.0},{"x":0.0,"y":0.0,"z":-80.0}],"positionsFlipped":[{"x":0.0,"y":0.0,"z":0.0},{"x":0.0,"y":0.0,"z":80.0},{"x":0.0,"y":0.0,"z":-80.0}]},{"name":"b2e8da39","positions":[],"positionsFlipped":[{"x":0.0,"y":0.0,"z":0.0}]},{"name":"9f7c132","positions":[],"positionsFlipped":[{"x":0.0,"y":0.0,"z":0.0}]},{"name":"bf77b71c","positions":[{"x":0.0,"y":0.0,"z":0.0},{"x":0.0,"y":0.0,"z":80.0},{"x":0.0,"y":0.0,"z":-80.0}],"positionsFlipped":[{"x":0.0,"y":0.0,"z":0.0},{"x":0.0,"y":0.0,"z":80.0},{"x":0.0,"y":0.0,"z":-80.0}]},{"name":"cc6f35be","positions":[{"x":0.0,"y":0.0,"z":0.0},{"x":0.0,"y":0.0,"z":80.0},{"x":0.0,"y":0.0,"z":-80.0}],"positionsFlipped":[{"x":0.0,"y":0.0,"z":0.0},{"x":0.0,"y":0.0,"z":80.0},{"x":0.0,"y":0.0,"z":-80.0}]},{"name":"f44a0c2e","positions":[{"x":0.0,"y":0.0,"z":0.0},{"x":0.0,"y":0.0,"z":80.0},{"x":0.0,"y":0.0,"z":-80.0}],"positionsFlipped":[{"x":0.0,"y":0.0,"z":0.0},{"x":0.0,"y":0.0,"z":80.0},{"x":0.0,"y":0.0,"z":-80.0}]},{"name":"cc416f8","positions":[{"x":0.0,"y":0.0,"z":0.0},{"x":0.0,"y":0.0,"z":80.0},{"x":0.0,"y":0.0,"z":-80.0}],"positionsFlipped":[{"x":0.0,"y":0.0,"z":0.0},{"x":0.0,"y":0.0,"z":80.0},{"x":0.0,"y":0.0,"z":-80.0}]},{"name":"d636a430","positions":[{"x":0.0,"y":0.0,"z":0.0},{"x":0.0,"y":0.0,"z":80.0},{"x":0.0,"y":0.0,"z":-80.0}],"positionsFlipped":[{"x":0.0,"y":0.0,"z":0.0},{"x":0.0,"y":0.0,"z":80.0},{"x":0.0,"y":0.0,"z":-80.0}]},{"name":"80191d8b","positions":[{"x":0.0,"y":0.0,"z":0.0},{"x":0.0,"y":0.0,"z":80.0},{"x":0.0,"y":0.0,"z":-80.0}],"positionsFlipped":[{"x":0.0,"y":0.0,"z":0.0},{"x":0.0,"y":0.0,"z":80.0},{"x":0.0,"y":0.0,"z":-80.0}]},{"name":"dc8f85d7","positions":[{"x":0.0,"y":0.0,"z":0.0},{"x":0.0,"y":0.0,"z":80.0},{"x":0.0,"y":0.0,"z":-80.0}],"positionsFlipped":[{"x":0.0,"y":0.0,"z":0.0},{"x":0.0,"y":0.0,"z":80.0},{"x":0.0,"y":0.0,"z":-80.0}]},{"name":"b01f98a","positions":[{"x":0.0,"y":0.0,"z":0.0},{"x":0.0,"y":0.0,"z":80.0},{"x":0.0,"y":0.0,"z":-80.0}],"positionsFlipped":[{"x":0.0,"y":0.0,"z":0.0},{"x":0.0,"y":0.0,"z":80.0},{"x":0.0,"y":0.0,"z":-80.0}]},{"name":"9a98eda7","positions":[{"x":0.0,"y":0.0,"z":0.0},{"x":0.0,"y":0.0,"z":80.0},{"x":0.0,"y":0.0,"z":-80.0}],"positionsFlipped":[{"x":0.0,"y":0.0,"z":0.0},{"x":0.0,"y":0.0,"z":80.0},{"x":0.0,"y":0.0,"z":-80.0}]},{"name":"43292867","positions":[{"x":0.0,"y":0.0,"z":0.0},{"x":0.0,"y":0.0,"z":80.0},{"x":0.0,"y":0.0,"z":-80.0}],"positionsFlipped":[{"x":0.0,"y":0.0,"z":0.0},{"x":0.0,"y":0.0,"z":80.0},{"x":0.0,"y":0.0,"z":-80.0}]},{"name":"5005f68c","positions":[],"positionsFlipped":[{"x":0.0,"y":0.0,"z":0.0}]}]}