{"positionDefinitions":[{"name":"98eb26f0","positions":[],"positionsFlipped":[{"x":0.0,"y":0.0,"z":0.0}]},{"name":"688c0b95","positions":[],"positionsFlipped":[{"x":0.0,"y":0.0,"z":0.0}]},{"name":"8562b7c5","positions":[],"positionsFlipped":[{"x":0.0,"y":0.0,"z":0.0}]},{"name":"62a806d7","positions":[{"x":0.0,"y":0.0,"z":-23.0},{"x":0.0,"y":0.0,"z":-100.5},{"x":0.0,"y":0.0,"z":54.5}],"positionsFlipped":[{"x":0.0,"y":0.0,"z":0.0},{"x":0.0,"y":0.0,"z":77.5},{"x":0.0,"y":0.0,"z":-77.5}]},{"name":"4c4c718b","positions":[{"x":0.0,"y":0.0,"z":-23.0},{"x":0.0,"y":0.0,"z":-100.5},{"x":0.0,"y":0.0,"z":54.5}],"positionsFlipped":[{"x":0.0,"y":0.0,"z":0.0},{"x":0.0,"y":0.0,"z":77.5},{"x":0.0,"y":0.0,"z":-77.5}]},{"name":"9da5399b","positions":[{"x":0.0,"y":0.0,"z":-23.0},{"x":0.0,"y":0.0,"z":-100.5},{"x":0.0,"y":0.0,"z":54.5}],"positionsFlipped":[{"x":0.0,"y":0.0,"z":0.0},{"x":0.0,"y":0.0,"z":77.5},{"x":0.0,"y":0.0,"z":-77.5}]},{"name":"5b685503","positions":[{"x":0.0,"y":0.0,"z":-23.0},{"x":0.0,"y":0.0,"z":-100.5},{"x":0.0,"y":0.0,"z":54.5}],"positionsFlipped":[{"x":0.0,"y":0.0,"z":0.0},{"x":0.0,"y":0.0,"z":77.5},{"x":0.0,"y":0.0,"z":-77.5}]},{"name":"c5596da","positions":[],"positionsFlipped":[{"x":0.0,"y":0.0,"z":0.0}]},{"name":"ab87cdd1","positions":[],"positionsFlipped":[{"x":0.0,"y":0.0,"z":0.0}]},{"name":"beaaaa0a","positions":[],"positionsFlipped":[{"x":0.0,"y":0.0,"z":0.0}]},{"name":"6a67649c","positions":[],"positionsFlipped":[{"x":0.0,"y":0.0,"z":0.0}]},{"name":"1513b47c","positions":[],"positionsFlipped":[{"x":0.0,"y":0.0,"z":0.0}]},{"name":"33c3f3af","positions":[],"positionsFlipped":[{"x":0.0,"y":0.0,"z":0.0}]},{"name":"a7060ee8","positions":[],"positionsFlipped":[{"x":0.0,"y":0.0,"z":0.0}]},{"name":"bc2c950d","positions":[],"positionsFlipped":[{"x":0.0,"y":0.0,"z":0.0}]},{"name":"6add7a10","positions":[],"positionsFlipped":[{"x":0.0,"y":0.0,"z":0.0}]},{"name":"86af9858","positions":[],"positionsFlipped":[{"x":0.0,"y":0.0,"z":0.0}]},{"name":"dcae1a1b","positions":[],"positionsFlipped":[{"x":0.0,"y":0.0,"z":0.0}]},{"name":"43016d4e","positions":[],"positionsFlipped":[{"x":0.0,"y":0.0,"z":0.0}]},{"name":"143e0713","positions":[{"x":0.0,"y":0.0,"z":-23.0},{"x":0.0,"y":0.0,"z":-100.5}],"positionsFlipped":[{"x":0.0,"y":0.0,"z":0.0},{"x":0.0,"y":0.0,"z":77.5}]},{"name":"606f9d9e","positions":[],"positionsFlipped":[{"x":0.0,"y":0.0,"z":0.0}]},{"name":"3803f08e","positions":[],"positionsFlipped":[{"x":0.0,"y":0.0,"z":0.0}]},{"name":"f531b70e","positions":[{"x":0.0,"y":0.0,"z":-23.0},{"x":0.0,"y":0.0,"z":-100.5},{"x":0.0,"y":0.0,"z":54.5}],"positionsFlipped":[{"x":0.0,"y":0.0,"z":0.0},{"x":0.0,"y":0.0,"z":77.5},{"x":0.0,"y":0.0,"z":-77.5}]},{"name":"18cbbdda","positions":[{"x":0.0,"y":0.0,"z":-23.0},{"x":0.0,"y":0.0,"z":-100.5},{"x":0.0,"y":0.0,"z":54.5}],"positionsFlipped":[{"x":0.0,"y":0.0,"z":0.0},{"x":0.0,"y":0.0,"z":77.5},{"x":0.0,"y":0.0,"z":-77.5}]},{"name":"b45c86cf","positions":[],"positionsFlipped":[{"x":0.0,"y":0.0,"z":0.0}]},{"name":"28b41e9","positions":[{"x":0.0,"y":0.0,"z":-23.0},{"x":0.0,"y":0.0,"z":-100.5},{"x":0.0,"y":0.0,"z":54.5}],"positionsFlipped":[{"x":0.0,"y":0.0,"z":0.0},{"x":0.0,"y":0.0,"z":77.5},{"x":0.0,"y":0.0,"z":-77.5}]},{"name":"3fd27432","positions":[{"x":0.0,"y":0.0,"z":-3.0},{"x":0.0,"y":0.0,"z":-23.0},{"x":0.0,"y":0.0,"z":-43.0},{"x":0.0,"y":0.0,"z":-63.0},{"x":0.0,"y":0.0,"z":-83.0},{"x":0.0,"y":0.0,"z":-103.0},{"x":0.0,"y":0.0,"z":-123.0},{"x":0.0,"y":0.0,"z":17.0},{"x":0.0,"y":0.0,"z":37.0},{"x":0.0,"y":0.0,"z":57.0},{"x":0.0,"y":0.0,"z":77.0}],"positionsFlipped":[{"x":0.0,"y":0.0,"z":0.0},{"x":0.0,"y":0.0,"z":20.0},{"x":0.0,"y":0.0,"z":40.0},{"x":0.0,"y":0.0,"z":60.0},{"x":0.0,"y":0.0,"z":80.0},{"x":0.0,"y":0.0,"z":100.0},{"x":0.0,"y":0.0,"z":-20.0},{"x":0.0,"y":0.0,"z":-40.0},{"x":0.0,"y":0.0,"z":-60.0},{"x":0.0,"y":0.0,"z":-80.0},{"x":0.0,"y":0.0,"z":-100.0}]},{"name":"be2052cf","positions":[],"positionsFlipped":[{"x":0.0,"y":0.0,"z":0.0},{"x":0.0,"y":0.0,"z":77.5}]},{"name":"db4dcb2a","positions":[{"x":0.0,"y":0.0,"z":-23.0},{"x":0.0,"y":0.0,"z":-100.5},{"x":0.0,"y":0.0,"z":54.5}],"positionsFlipped":[{"x":0.0,"y":0.0,"z":0.0},{"x":0.0,"y":0.0,"z":77.5},{"x":0.0,"y":0.0,"z":-77.5}]},{"name":"c38f0306","positions":[{"x":0.0,"y":0.0,"z":215.0}],"positionsFlipped":[{"x":0.0,"y":0.0,"z":0.0}]}]}