{"positionDefinitions":[{"name":"a88e61ce","positions":[{"x":0.0,"y":0.0,"z":0.0}],"positionsFlipped":[]},{"name":"b6012515","positions":[{"x":0.0,"y":0.0,"z":0.0}],"positionsFlipped":[]},{"name":"b87dfb4e","positions":[{"x":0.0,"y":0.0,"z":-8.5}],"positionsFlipped":[{"x":0.0,"y":0.0,"z":-8.5}]},{"name":"3db08d77","positions":[{"x":0.0,"y":0.0,"z":-8.5}],"positionsFlipped":[{"x":0.0,"y":0.0,"z":-8.5}]},{"name":"23b696a1","positions":[{"x":0.0,"y":0.0,"z":-8.5}],"positionsFlipped":[{"x":0.0,"y":0.0,"z":-8.5}]},{"name":"53c10824","positions":[{"x":0.0,"y":0.0,"z":-8.5}],"positionsFlipped":[{"x":0.0,"y":0.0,"z":-8.5}]},{"name":"61a8b49b","positions":[{"x":0.0,"y":0.0,"z":-8.5}],"positionsFlipped":[{"x":0.0,"y":0.0,"z":-8.5}]},{"name":"b07b44b8","positions":[{"x":0.0,"y":0.0,"z":-8.5}],"positionsFlipped":[{"x":0.0,"y":0.0,"z":-8.5}]},{"name":"8831d105","positions":[],"positionsFlipped":[{"x":0.0,"y":0.0,"z":0.0}]},{"name":"db409b10","positions":[],"positionsFlipped":[{"x":0.0,"y":0.0,"z":0.0}]},{"name":"efbfa50a","positions":[{"x":0.0,"y":0.0,"z":-40.0},{"x":0.0,"y":0.0,"z":-20.0},{"x":0.0,"y":0.0,"z":0.0},{"x":0.0,"y":0.0,"z":20.0},{"x":0.0,"y":0.0,"z":40.0}],"positionsFlipped":[{"x":0.0,"y":0.0,"z":-40.0},{"x":0.0,"y":0.0,"z":-20.0},{"x":0.0,"y":0.0,"z":0.0},{"x":0.0,"y":0.0,"z":20.0},{"x":0.0,"y":0.0,"z":40.0}]},{"name":"391ceeae","positions":[],"positionsFlipped":[{"x":0.0,"y":0.0,"z":0.0}]},{"name":"db15159","positions":[],"positionsFlipped":[{"x":0.0,"y":0.0,"z":0.0}]},{"name":"44f107d8","positions":[{"x":0.0,"y":0.0,"z":-8.5}],"positionsFlipped":[{"x":0.0,"y":0.0,"z":-8.5}]},{"name":"a37a5b14","positions":[{"x":0.0,"y":0.0,"z":0.0}],"positionsFlipped":[]},{"name":"dd6d750f","positions":[{"x":0.0,"y":0.0,"z":0.0}],"positionsFlipped":[]},{"name":"20d0be68","positions":[{"x":0.0,"y":0.0,"z":0.0}],"positionsFlipped":[]},{"name":"2b13dc97","positions":[],"positionsFlipped":[{"x":0.0,"y":0.0,"z":0.0}]},{"name":"6529231d","positions":[],"positionsFlipped":[{"x":0.0,"y":0.0,"z":0.0}]},{"name":"cb642a03","positions":[],"positionsFlipped":[{"x":0.0,"y":0.0,"z":0.0}]},{"name":"641322d3","positions":[],"positionsFlipped":[{"x":0.0,"y":0.0,"z":0.0}]}]}