{"positionDefinitions":[{"name":"8e48cd4a","positions":[{"x":0.0,"y":0.0,"z":0.0}],"positionsFlipped":[]},{"name":"7e161573","positions":[{"x":0.0,"y":0.0,"z":0.0}],"positionsFlipped":[]},{"name":"76ee081e","positions":[{"x":0.0,"y":0.0,"z":8.5}],"positionsFlipped":[{"x":0.0,"y":0.0,"z":8.5}]},{"name":"98dad1e","positions":[{"x":0.0,"y":0.0,"z":8.5}],"positionsFlipped":[{"x":0.0,"y":0.0,"z":8.5}]},{"name":"d34e683b","positions":[{"x":0.0,"y":0.0,"z":8.5}],"positionsFlipped":[{"x":0.0,"y":0.0,"z":8.5}]},{"name":"66ca8aed","positions":[{"x":0.0,"y":0.0,"z":8.5}],"positionsFlipped":[{"x":0.0,"y":0.0,"z":8.5}]},{"name":"816815b2","positions":[{"x":0.0,"y":0.0,"z":8.5}],"positionsFlipped":[{"x":0.0,"y":0.0,"z":8.5}]},{"name":"f8dd3e0f","positions":[{"x":0.0,"y":0.0,"z":8.5}],"positionsFlipped":[{"x":0.0,"y":0.0,"z":8.5}]},{"name":"d7419478","positions":[{"x":0.0,"y":0.0,"z":0.0}],"positionsFlipped":[]},{"name":"b194e404","positions":[{"x":0.0,"y":0.0,"z":0.0}],"positionsFlipped":[]},{"name":"d942bb","positions":[{"x":0.0,"y":0.0,"z":-40.0},{"x":0.0,"y":0.0,"z":-20.0},{"x":0.0,"y":0.0,"z":0.0},{"x":0.0,"y":0.0,"z":20.0},{"x":0.0,"y":0.0,"z":40.0}],"positionsFlipped":[{"x":0.0,"y":0.0,"z":-40.0},{"x":0.0,"y":0.0,"z":-20.0},{"x":0.0,"y":0.0,"z":0.0},{"x":0.0,"y":0.0,"z":20.0},{"x":0.0,"y":0.0,"z":40.0}]},{"name":"5f83eae4","positions":[{"x":0.0,"y":0.0,"z":0.0}],"positionsFlipped":[]},{"name":"dffc9dc7","positions":[{"x":0.0,"y":0.0,"z":0.0}],"positionsFlipped":[]},{"name":"529dddf3","positions":[{"x":0.0,"y":0.0,"z":0.0}],"positionsFlipped":[]},{"name":"baa946e1","positions":[{"x":0.0,"y":0.0,"z":8.5}],"positionsFlipped":[{"x":0.0,"y":0.0,"z":8.5}]},{"name":"1c3e6b87","positions":[],"positionsFlipped":[{"x":0.0,"y":0.0,"z":0.0}]},{"name":"1be5f979","positions":[],"positionsFlipped":[{"x":0.0,"y":0.0,"z":0.0}]},{"name":"ac352d38","positions":[],"positionsFlipped":[{"x":0.0,"y":0.0,"z":0.0}]},{"name":"30bb48a3","positions":[{"x":0.0,"y":0.0,"z":0.0}],"positionsFlipped":[]}]}