{"positionDefinitions":[{"name":"a8dd4035","positions":[{"x":0.0,"y":0.0,"z":0.0}],"positionsFlipped":[]},{"name":"87a3cce8","positions":[{"x":0.0,"y":0.0,"z":0.0}],"positionsFlipped":[]},{"name":"e0612bbd","positions":[{"x":0.0,"y":0.0,"z":0.0}],"positionsFlipped":[{"x":0.0,"y":0.0,"z":0.0}]},{"name":"5ad8c13","positions":[{"x":0.0,"y":0.0,"z":0.0}],"positionsFlipped":[{"x":0.0,"y":0.0,"z":0.0}]},{"name":"4801b0f8","positions":[{"x":0.0,"y":0.0,"z":0.0},{"x":0.0,"y":0.0,"z":114.0}],"positionsFlipped":[{"x":0.0,"y":0.0,"z":0.0},{"x":0.0,"y":0.0,"z":-114.0}]},{"name":"d5c9be3b","positions":[{"x":0.0,"y":0.0,"z":0.0},{"x":0.0,"y":0.0,"z":114.0}],"positionsFlipped":[{"x":0.0,"y":0.0,"z":0.0},{"x":0.0,"y":0.0,"z":-114.0}]},{"name":"e128b30a","positions":[{"x":0.0,"y":0.0,"z":0.0},{"x":0.0,"y":0.0,"z":114.0}],"positionsFlipped":[{"x":0.0,"y":0.0,"z":0.0},{"x":0.0,"y":0.0,"z":-114.0}]},{"name":"53e23956","positions":[{"x":0.0,"y":0.0,"z":0.0},{"x":0.0,"y":0.0,"z":80.0},{"x":0.0,"y":0.0,"z":-80.0}],"positionsFlipped":[{"x":0.0,"y":0.0,"z":0.0},{"x":0.0,"y":0.0,"z":80.0},{"x":0.0,"y":0.0,"z":-80.0}]},{"name":"9d00b231","positions":[{"x":0.0,"y":0.0,"z":0.0},{"x":0.0,"y":0.0,"z":80.0},{"x":0.0,"y":0.0,"z":-80.0}],"positionsFlipped":[{"x":0.0,"y":0.0,"z":0.0},{"x":0.0,"y":0.0,"z":80.0},{"x":0.0,"y":0.0,"z":-80.0}]},{"name":"cecd6c3b","positions":[{"x":0.0,"y":0.0,"z":0.0},{"x":0.0,"y":0.0,"z":80.0},{"x":0.0,"y":0.0,"z":-80.0}],"positionsFlipped":[{"x":0.0,"y":0.0,"z":0.0},{"x":0.0,"y":0.0,"z":80.0},{"x":0.0,"y":0.0,"z":-80.0}]},{"name":"cac9a521","positions":[{"x":0.0,"y":0.0,"z":0.0},{"x":0.0,"y":0.0,"z":80.0},{"x":0.0,"y":0.0,"z":-80.0}],"positionsFlipped":[{"x":0.0,"y":0.0,"z":0.0},{"x":0.0,"y":0.0,"z":80.0},{"x":0.0,"y":0.0,"z":-80.0}]},{"name":"3a83cbf0","positions":[{"x":0.0,"y":0.0,"z":0.0},{"x":0.0,"y":0.0,"z":80.0},{"x":0.0,"y":0.0,"z":-80.0}],"positionsFlipped":[{"x":0.0,"y":0.0,"z":0.0},{"x":0.0,"y":0.0,"z":80.0},{"x":0.0,"y":0.0,"z":-80.0}]},{"name":"bf6c8bd0","positions":[{"x":0.0,"y":0.0,"z":0.0},{"x":0.0,"y":0.0,"z":-216.0}],"positionsFlipped":[{"x":0.0,"y":0.0,"z":0.0},{"x":0.0,"y":0.0,"z":216.0}]},{"name":"cb686484","positions":[{"x":0.0,"y":0.0,"z":-100.0},{"x":0.0,"y":0.0,"z":-80.0},{"x":0.0,"y":0.0,"z":-60.0},{"x":0.0,"y":0.0,"z":-40.0},{"x":0.0,"y":0.0,"z":-20.0},{"x":0.0,"y":0.0,"z":0.0},{"x":0.0,"y":0.0,"z":20.0},{"x":0.0,"y":0.0,"z":40.0},{"x":0.0,"y":0.0,"z":60.0},{"x":0.0,"y":0.0,"z":80.0},{"x":0.0,"y":0.0,"z":100.0}],"positionsFlipped":[{"x":0.0,"y":0.0,"z":-100.0},{"x":0.0,"y":0.0,"z":-80.0},{"x":0.0,"y":0.0,"z":-60.0},{"x":0.0,"y":0.0,"z":-40.0},{"x":0.0,"y":0.0,"z":-20.0},{"x":0.0,"y":0.0,"z":0.0},{"x":0.0,"y":0.0,"z":20.0},{"x":0.0,"y":0.0,"z":40.0},{"x":0.0,"y":0.0,"z":60.0},{"x":0.0,"y":0.0,"z":80.0},{"x":0.0,"y":0.0,"z":100.0}]},{"name":"c829884e","positions":[{"x":0.0,"y":0.0,"z":0.0},{"x":0.0,"y":0.0,"z":234.0}],"positionsFlipped":[{"x":0.0,"y":0.0,"z":0.0},{"x":0.0,"y":0.0,"z":-234.0}]},{"name":"dcde3a31","positions":[{"x":0.0,"y":0.0,"z":0.0}],"positionsFlipped":[{"x":0.0,"y":0.0,"z":0.0}]},{"name":"805b56ac","positions":[{"x":0.0,"y":0.0,"z":0.0},{"x":0.0,"y":0.0,"z":-80.0}],"positionsFlipped":[{"x":0.0,"y":0.0,"z":0.0},{"x":0.0,"y":0.0,"z":80.0}]},{"name":"3cc27454","positions":[{"x":0.0,"y":0.0,"z":0.0}],"positionsFlipped":[{"x":0.0,"y":0.0,"z":0.0}]},{"name":"64f45090","positions":[{"x":0.0,"y":0.0,"z":0.0}],"positionsFlipped":[{"x":0.0,"y":0.0,"z":0.0}]},{"name":"4ffb0e29","positions":[{"x":0.0,"y":0.0,"z":0.0},{"x":0.0,"y":0.0,"z":80.0},{"x":0.0,"y":0.0,"z":-80.0}],"positionsFlipped":[{"x":0.0,"y":0.0,"z":0.0},{"x":0.0,"y":0.0,"z":80.0},{"x":0.0,"y":0.0,"z":-80.0}]},{"name":"73a1679","positions":[{"x":0.0,"y":0.0,"z":0.0},{"x":0.0,"y":0.0,"z":80.0},{"x":0.0,"y":0.0,"z":-80.0}],"positionsFlipped":[{"x":0.0,"y":0.0,"z":0.0},{"x":0.0,"y":0.0,"z":80.0},{"x":0.0,"y":0.0,"z":-80.0}]},{"name":"53e801d6","positions":[{"x":0.0,"y":0.0,"z":0.0},{"x":0.0,"y":0.0,"z":80.0},{"x":0.0,"y":0.0,"z":-80.0}],"positionsFlipped":[{"x":0.0,"y":0.0,"z":0.0},{"x":0.0,"y":0.0,"z":80.0},{"x":0.0,"y":0.0,"z":-80.0}]},{"name":"ea042b5d","positions":[{"x":0.0,"y":0.0,"z":0.0},{"x":0.0,"y":0.0,"z":80.0},{"x":0.0,"y":0.0,"z":-80.0}],"positionsFlipped":[{"x":0.0,"y":0.0,"z":0.0},{"x":0.0,"y":0.0,"z":80.0},{"x":0.0,"y":0.0,"z":-80.0}]},{"name":"6ca09944","positions":[{"x":0.0,"y":0.0,"z":0.0},{"x":0.0,"y":0.0,"z":80.0},{"x":0.0,"y":0.0,"z":-80.0}],"positionsFlipped":[{"x":0.0,"y":0.0,"z":0.0},{"x":0.0,"y":0.0,"z":80.0},{"x":0.0,"y":0.0,"z":-80.0}]},{"name":"fbbd4aba","positions":[{"x":0.0,"y":0.0,"z":0.0},{"x":0.0,"y":0.0,"z":80.0},{"x":0.0,"y":0.0,"z":-80.0}],"positionsFlipped":[{"x":0.0,"y":0.0,"z":0.0},{"x":0.0,"y":0.0,"z":80.0},{"x":0.0,"y":0.0,"z":-80.0}]},{"name":"5d98d26b","positions":[{"x":0.0,"y":0.0,"z":0.0},{"x":0.0,"y":0.0,"z":80.0},{"x":0.0,"y":0.0,"z":-80.0}],"positionsFlipped":[{"x":0.0,"y":0.0,"z":0.0},{"x":0.0,"y":0.0,"z":80.0},{"x":0.0,"y":0.0,"z":-80.0}]},{"name":"c5033f85","positions":[{"x":0.0,"y":0.0,"z":0.0},{"x":0.0,"y":0.0,"z":80.0},{"x":0.0,"y":0.0,"z":-80.0}],"positionsFlipped":[{"x":0.0,"y":0.0,"z":0.0},{"x":0.0,"y":0.0,"z":80.0},{"x":0.0,"y":0.0,"z":-80.0}]},{"name":"adba88c5","positions":[{"x":0.0,"y":0.0,"z":0.0},{"x":0.0,"y":0.0,"z":80.0},{"x":0.0,"y":0.0,"z":-80.0}],"positionsFlipped":[{"x":0.0,"y":0.0,"z":0.0},{"x":0.0,"y":0.0,"z":80.0},{"x":0.0,"y":0.0,"z":-80.0}]},{"name":"7783a7dc","positions":[{"x":0.0,"y":0.0,"z":0.0},{"x":0.0,"y":0.0,"z":80.0},{"x":0.0,"y":0.0,"z":-80.0}],"positionsFlipped":[{"x":0.0,"y":0.0,"z":0.0},{"x":0.0,"y":0.0,"z":80.0},{"x":0.0,"y":0.0,"z":-80.0}]},{"name":"b8fc99ed","positions":[{"x":0.0,"y":0.0,"z":0.0},{"x":0.0,"y":0.0,"z":80.0},{"x":0.0,"y":0.0,"z":-80.0}],"positionsFlipped":[{"x":0.0,"y":0.0,"z":0.0},{"x":0.0,"y":0.0,"z":80.0},{"x":0.0,"y":0.0,"z":-80.0}]},{"name":"9ba6ce5b","positions":[{"x":0.0,"y":0.0,"z":0.0},{"x":0.0,"y":0.0,"z":80.0},{"x":0.0,"y":0.0,"z":-80.0}],"positionsFlipped":[{"x":0.0,"y":0.0,"z":0.0},{"x":0.0,"y":0.0,"z":80.0},{"x":0.0,"y":0.0,"z":-80.0}]},{"name":"634164c6","positions":[{"x":0.0,"y":0.0,"z":0.0},{"x":0.0,"y":0.0,"z":80.0},{"x":0.0,"y":0.0,"z":-80.0}],"positionsFlipped":[{"x":0.0,"y":0.0,"z":0.0},{"x":0.0,"y":0.0,"z":80.0},{"x":0.0,"y":0.0,"z":-80.0}]},{"name":"36ed9df3","positions":[{"x":0.0,"y":0.0,"z":0.0},{"x":0.0,"y":0.0,"z":80.0},{"x":0.0,"y":0.0,"z":-80.0}],"positionsFlipped":[{"x":0.0,"y":0.0,"z":0.0},{"x":0.0,"y":0.0,"z":80.0},{"x":0.0,"y":0.0,"z":-80.0}]},{"name":"d6079153","positions":[{"x":0.0,"y":0.0,"z":0.0},{"x":0.0,"y":0.0,"z":80.0},{"x":0.0,"y":0.0,"z":-80.0}],"positionsFlipped":[{"x":0.0,"y":0.0,"z":0.0},{"x":0.0,"y":0.0,"z":80.0},{"x":0.0,"y":0.0,"z":-80.0}]},{"name":"d98bf425","positions":[{"x":0.0,"y":0.0,"z":0.0},{"x":0.0,"y":0.0,"z":80.0},{"x":0.0,"y":0.0,"z":-80.0}],"positionsFlipped":[{"x":0.0,"y":0.0,"z":0.0},{"x":0.0,"y":0.0,"z":80.0},{"x":0.0,"y":0.0,"z":-80.0}]},{"name":"7bcb2980","positions":[{"x":0.0,"y":0.0,"z":0.0},{"x":0.0,"y":0.0,"z":80.0},{"x":0.0,"y":0.0,"z":-80.0}],"positionsFlipped":[{"x":0.0,"y":0.0,"z":0.0},{"x":0.0,"y":0.0,"z":80.0},{"x":0.0,"y":0.0,"z":-80.0}]},{"name":"aecee7b4","positions":[{"x":0.0,"y":0.0,"z":0.0},{"x":0.0,"y":0.0,"z":80.0},{"x":0.0,"y":0.0,"z":-80.0}],"positionsFlipped":[{"x":0.0,"y":0.0,"z":0.0},{"x":0.0,"y":0.0,"z":80.0},{"x":0.0,"y":0.0,"z":-80.0}]},{"name":"3758297b","positions":[{"x":0.0,"y":0.0,"z":0.0},{"x":0.0,"y":0.0,"z":80.0},{"x":0.0,"y":0.0,"z":-80.0}],"positionsFlipped":[{"x":0.0,"y":0.0,"z":0.0},{"x":0.0,"y":0.0,"z":80.0},{"x":0.0,"y":0.0,"z":-80.0}]},{"name":"24dddd93","positions":[{"x":0.0,"y":0.0,"z":0.0}],"positionsFlipped":[]},{"name":"c52f24a3","positions":[{"x":0.0,"y":0.0,"z":0.0},{"x":0.0,"y":0.0,"z":80.0},{"x":0.0,"y":0.0,"z":-80.0}],"positionsFlipped":[{"x":0.0,"y":0.0,"z":0.0},{"x":0.0,"y":0.0,"z":80.0},{"x":0.0,"y":0.0,"z":-80.0}]},{"name":"551447","positions":[{"x":0.0,"y":0.0,"z":0.0},{"x":0.0,"y":0.0,"z":80.0},{"x":0.0,"y":0.0,"z":-80.0}],"positionsFlipped":[{"x":0.0,"y":0.0,"z":0.0},{"x":0.0,"y":0.0,"z":80.0},{"x":0.0,"y":0.0,"z":-80.0}]},{"name":"cc4379f6","positions":[{"x":0.0,"y":0.0,"z":0.0},{"x":0.0,"y":0.0,"z":80.0},{"x":0.0,"y":0.0,"z":-80.0}],"positionsFlipped":[{"x":0.0,"y":0.0,"z":0.0},{"x":0.0,"y":0.0,"z":80.0},{"x":0.0,"y":0.0,"z":-80.0}]},{"name":"c449385","positions":[{"x":0.0,"y":0.0,"z":0.0},{"x":0.0,"y":0.0,"z":80.0},{"x":0.0,"y":0.0,"z":-80.0}],"positionsFlipped":[{"x":0.0,"y":0.0,"z":0.0},{"x":0.0,"y":0.0,"z":80.0},{"x":0.0,"y":0.0,"z":-80.0}]},{"name":"e7b0c7f0","positions":[{"x":0.0,"y":0.0,"z":0.0},{"x":0.0,"y":0.0,"z":80.0},{"x":0.0,"y":0.0,"z":-80.0}],"positionsFlipped":[{"x":0.0,"y":0.0,"z":0.0},{"x":0.0,"y":0.0,"z":80.0},{"x":0.0,"y":0.0,"z":-80.0}]},{"name":"cf484250","positions":[{"x":0.0,"y":0.0,"z":0.0},{"x":0.0,"y":0.0,"z":80.0},{"x":0.0,"y":0.0,"z":-80.0}],"positionsFlipped":[{"x":0.0,"y":0.0,"z":0.0},{"x":0.0,"y":0.0,"z":80.0},{"x":0.0,"y":0.0,"z":-80.0}]},{"name":"97ac7cc2","positions":[{"x":0.0,"y":0.0,"z":0.0},{"x":0.0,"y":0.0,"z":80.0},{"x":0.0,"y":0.0,"z":-80.0}],"positionsFlipped":[{"x":0.0,"y":0.0,"z":0.0},{"x":0.0,"y":0.0,"z":80.0},{"x":0.0,"y":0.0,"z":-80.0}]},{"name":"26421c04","positions":[{"x":0.0,"y":0.0,"z":0.0},{"x":0.0,"y":0.0,"z":80.0},{"x":0.0,"y":0.0,"z":-80.0}],"positionsFlipped":[{"x":0.0,"y":0.0,"z":0.0},{"x":0.0,"y":0.0,"z":80.0},{"x":0.0,"y":0.0,"z":-80.0}]},{"name":"e7060c19","positions":[{"x":0.0,"y":0.0,"z":0.0},{"x":0.0,"y":0.0,"z":80.0},{"x":0.0,"y":0.0,"z":-80.0}],"positionsFlipped":[{"x":0.0,"y":0.0,"z":0.0},{"x":0.0,"y":0.0,"z":80.0},{"x":0.0,"y":0.0,"z":-80.0}]},{"name":"8f67d765","positions":[{"x":0.0,"y":0.0,"z":0.0},{"x":0.0,"y":0.0,"z":80.0},{"x":0.0,"y":0.0,"z":-80.0}],"positionsFlipped":[{"x":0.0,"y":0.0,"z":0.0},{"x":0.0,"y":0.0,"z":80.0},{"x":0.0,"y":0.0,"z":-80.0}]}]}