{"parts":[{"names":["Aussenbasis"],"positionDefinitions":["232d771f"],"condition":"NORMAL","renderStage":"EXTERIOR","type":"NORMAL","displayXPadding":0.0,"displayYPadding":0.0,"displayColorCjk":"FF9900","displayColor":"FF9900","displayMaxLineHeight":1.5,"displayCjkSizeRatio":2.0,"displayOptions":[],"displayPadZeros":0.0,"displayType":"DESTINATION","displayDefaultText":"Not In Service","doorXMultiplier":0.0,"doorZMultiplier":0.0,"doorAnimationType":"STANDARD","renderFromOpeningDoorTime":0,"renderUntilOpeningDoorTime":0,"renderFromClosingDoorTime":0,"renderUntilClosingDoorTime":0,"flashOffTime":0,"flashOnTime":0},{"names":["Innenbasis"],"positionDefinitions":["4ebeac51"],"condition":"NORMAL","renderStage":"INTERIOR","type":"NORMAL","displayXPadding":0.0,"displayYPadding":0.0,"displayColorCjk":"FF9900","displayColor":"FF9900","displayMaxLineHeight":1.5,"displayCjkSizeRatio":2.0,"displayOptions":[],"displayPadZeros":0.0,"displayType":"DESTINATION","displayDefaultText":"Not In Service","doorXMultiplier":0.0,"doorZMultiplier":0.0,"doorAnimationType":"STANDARD","renderFromOpeningDoorTime":0,"renderUntilOpeningDoorTime":0,"renderFromClosingDoorTime":0,"renderUntilClosingDoorTime":0,"flashOffTime":0,"flashOnTime":0},{"names":["Gelenk_Aussenbasis"],"positionDefinitions":["582d2cb"],"condition":"NORMAL","renderStage":"EXTERIOR","type":"NORMAL","displayXPadding":0.0,"displayYPadding":0.0,"displayColorCjk":"FF9900","displayColor":"FF9900","displayMaxLineHeight":1.5,"displayCjkSizeRatio":2.0,"displayOptions":[],"displayPadZeros":0.0,"displayType":"DESTINATION","displayDefaultText":"Not In Service","doorXMultiplier":0.0,"doorZMultiplier":0.0,"doorAnimationType":"STANDARD","renderFromOpeningDoorTime":0,"renderUntilOpeningDoorTime":0,"renderFromClosingDoorTime":0,"renderUntilClosingDoorTime":0,"flashOffTime":0,"flashOnTime":0},{"names":["Gelenk_Innenbasis"],"positionDefinitions":["b0ab902b"],"condition":"NORMAL","renderStage":"INTERIOR","type":"NORMAL","displayXPadding":0.0,"displayYPadding":0.0,"displayColorCjk":"FF9900","displayColor":"FF9900","displayMaxLineHeight":1.5,"displayCjkSizeRatio":2.0,"displayOptions":[],"displayPadZeros":0.0,"displayType":"DESTINATION","displayDefaultText":"Not In Service","doorXMultiplier":0.0,"doorZMultiplier":0.0,"doorAnimationType":"STANDARD","renderFromOpeningDoorTime":0,"renderUntilOpeningDoorTime":0,"renderFromClosingDoorTime":0,"renderUntilClosingDoorTime":0,"flashOffTime":0,"flashOnTime":0},{"names":["2Gelenk_Anz_Ziel"],"positionDefinitions":["857ebdae"],"condition":"DOORS_OPENED","renderStage":"EXTERIOR","type":"DISPLAY","displayXPadding":0.0,"displayYPadding":0.0,"displayColorCjk":"FF9900","displayColor":"FF9900","displayMaxLineHeight":2.0,"displayCjkSizeRatio":2.0,"displayOptions":["SPACE_CJK","ALIGN_BOTTOM","CYCLE_LANGUAGES"],"displayPadZeros":0.0,"displayType":"DESTINATION","displayDefaultText":"","doorXMultiplier":0.0,"doorZMultiplier":0.0,"doorAnimationType":"STANDARD","renderFromOpeningDoorTime":0,"renderUntilOpeningDoorTime":0,"renderFromClosingDoorTime":0,"renderUntilClosingDoorTime":0,"flashOffTime":0,"flashOnTime":0},{"names":["2Gelenk_Anz_Linie"],"positionDefinitions":["a3eaba5a"],"condition":"DOORS_OPENED","renderStage":"EXTERIOR","type":"DISPLAY","displayXPadding":0.0,"displayYPadding":0.0,"displayColorCjk":"FF9900","displayColor":"FF9900","displayMaxLineHeight":2.0,"displayCjkSizeRatio":2.0,"displayOptions":["SPACE_CJK","ALIGN_BOTTOM","CYCLE_LANGUAGES"],"displayPadZeros":0.0,"displayType":"ROUTE_NUMBER","displayDefaultText":"","doorXMultiplier":0.0,"doorZMultiplier":0.0,"doorAnimationType":"STANDARD","renderFromOpeningDoorTime":0,"renderUntilOpeningDoorTime":0,"renderFromClosingDoorTime":0,"renderUntilClosingDoorTime":0,"flashOffTime":0,"flashOnTime":0},{"names":["2Gelenk_Anz_Next"],"positionDefinitions":["b49e340b"],"condition":"DOORS_CLOSED","renderStage":"EXTERIOR","type":"DISPLAY","displayXPadding":0.0,"displayYPadding":0.0,"displayColorCjk":"FF9900","displayColor":"FF9900","displayMaxLineHeight":2.0,"displayCjkSizeRatio":2.0,"displayOptions":["SPACE_CJK","ALIGN_BOTTOM","CYCLE_LANGUAGES"],"displayPadZeros":0.0,"displayType":"NEXT_STATION","displayDefaultText":"JSC Type X","doorXMultiplier":0.0,"doorZMultiplier":0.0,"doorAnimationType":"STANDARD","renderFromOpeningDoorTime":0,"renderUntilOpeningDoorTime":0,"renderFromClosingDoorTime":0,"renderUntilClosingDoorTime":0,"flashOffTime":0,"flashOnTime":0},{"names":["Front"],"positionDefinitions":["542c1874"],"condition":"NORMAL","renderStage":"EXTERIOR","type":"NORMAL","displayXPadding":0.0,"displayYPadding":0.0,"displayColorCjk":"FF9900","displayColor":"FF9900","displayMaxLineHeight":1.5,"displayCjkSizeRatio":2.0,"displayOptions":[],"displayPadZeros":0.0,"displayType":"DESTINATION","displayDefaultText":"Not In Service","doorXMultiplier":0.0,"doorZMultiplier":0.0,"doorAnimationType":"STANDARD","renderFromOpeningDoorTime":0,"renderUntilOpeningDoorTime":0,"renderFromClosingDoorTime":0,"renderUntilClosingDoorTime":0,"flashOffTime":0,"flashOnTime":0},{"names":["Frontlicht_Mini"],"positionDefinitions":["a9c4200f"],"condition":"ON_ROUTE_FORWARDS","renderStage":"ALWAYS_ON_LIGHT","type":"NORMAL","displayXPadding":0.0,"displayYPadding":0.0,"displayColorCjk":"FF9900","displayColor":"FF9900","displayMaxLineHeight":1.5,"displayCjkSizeRatio":2.0,"displayOptions":[],"displayPadZeros":0.0,"displayType":"DESTINATION","displayDefaultText":"Not In Service","doorXMultiplier":0.0,"doorZMultiplier":0.0,"doorAnimationType":"STANDARD","renderFromOpeningDoorTime":0,"renderUntilOpeningDoorTime":0,"renderFromClosingDoorTime":0,"renderUntilClosingDoorTime":0,"flashOffTime":0,"flashOnTime":0},{"names":["Ruecklicht"],"positionDefinitions":["b908f7fd"],"condition":"ON_ROUTE_BACKWARDS","renderStage":"ALWAYS_ON_LIGHT","type":"NORMAL","displayXPadding":0.0,"displayYPadding":0.0,"displayColorCjk":"FF9900","displayColor":"FF9900","displayMaxLineHeight":1.5,"displayCjkSizeRatio":2.0,"displayOptions":[],"displayPadZeros":0.0,"displayType":"DESTINATION","displayDefaultText":"Not In Service","doorXMultiplier":0.0,"doorZMultiplier":0.0,"doorAnimationType":"STANDARD","renderFromOpeningDoorTime":0,"renderUntilOpeningDoorTime":0,"renderFromClosingDoorTime":0,"renderUntilClosingDoorTime":0,"flashOffTime":0,"flashOnTime":0},{"names":["Frontlicht"],"positionDefinitions":["50110e9b"],"condition":"ON_ROUTE_FORWARDS","renderStage":"ALWAYS_ON_LIGHT","type":"NORMAL","displayXPadding":0.0,"displayYPadding":0.0,"displayColorCjk":"FF9900","displayColor":"FF9900","displayMaxLineHeight":1.5,"displayCjkSizeRatio":2.0,"displayOptions":[],"displayPadZeros":0.0,"displayType":"DESTINATION","displayDefaultText":"Not In Service","doorXMultiplier":0.0,"doorZMultiplier":0.0,"doorAnimationType":"STANDARD","renderFromOpeningDoorTime":0,"renderUntilOpeningDoorTime":0,"renderFromClosingDoorTime":0,"renderUntilClosingDoorTime":0,"flashOffTime":0,"flashOnTime":0},{"names":["Fahrertrennwand"],"positionDefinitions":["297b7d8d"],"condition":"NORMAL","renderStage":"INTERIOR","type":"NORMAL","displayXPadding":0.0,"displayYPadding":0.0,"displayColorCjk":"FF9900","displayColor":"FF9900","displayMaxLineHeight":1.5,"displayCjkSizeRatio":2.0,"displayOptions":[],"displayPadZeros":0.0,"displayType":"DESTINATION","displayDefaultText":"Not In Service","doorXMultiplier":0.0,"doorZMultiplier":0.0,"doorAnimationType":"STANDARD","renderFromOpeningDoorTime":0,"renderUntilOpeningDoorTime":0,"renderFromClosingDoorTime":0,"renderUntilClosingDoorTime":0,"flashOffTime":0,"flashOnTime":0},{"names":["Front_Anz_Linie"],"positionDefinitions":["c281c95"],"condition":"NORMAL","renderStage":"EXTERIOR","type":"DISPLAY","displayXPadding":0.0,"displayYPadding":0.0,"displayColorCjk":"FF9900","displayColor":"FF9900","displayMaxLineHeight":3.0,"displayCjkSizeRatio":2.0,"displayOptions":["ALIGN_CENTER_CJK","ALIGN_CENTER","CYCLE_LANGUAGES"],"displayPadZeros":0.0,"displayType":"ROUTE_NUMBER","displayDefaultText":"","doorXMultiplier":0.0,"doorZMultiplier":0.0,"doorAnimationType":"STANDARD","renderFromOpeningDoorTime":0,"renderUntilOpeningDoorTime":0,"renderFromClosingDoorTime":0,"renderUntilClosingDoorTime":0,"flashOffTime":0,"flashOnTime":0},{"names":["Front_Anz_Ziel"],"positionDefinitions":["b9b3d80e"],"condition":"NORMAL","renderStage":"EXTERIOR","type":"DISPLAY","displayXPadding":0.0,"displayYPadding":0.0,"displayColorCjk":"FF9900","displayColor":"FF9900","displayMaxLineHeight":3.0,"displayCjkSizeRatio":2.0,"displayOptions":["ALIGN_CENTER_CJK","ALIGN_CENTER","CYCLE_LANGUAGES"],"displayPadZeros":0.0,"displayType":"DESTINATION","displayDefaultText":"","doorXMultiplier":0.0,"doorZMultiplier":0.0,"doorAnimationType":"STANDARD","renderFromOpeningDoorTime":0,"renderUntilOpeningDoorTime":0,"renderFromClosingDoorTime":0,"renderUntilClosingDoorTime":0,"flashOffTime":0,"flashOnTime":0},{"names":["Front_Aussenfenster"],"positionDefinitions":["7175392d"],"condition":"NORMAL","renderStage":"EXTERIOR","type":"NORMAL","displayXPadding":0.0,"displayYPadding":0.0,"displayColorCjk":"FF9900","displayColor":"FF9900","displayMaxLineHeight":1.5,"displayCjkSizeRatio":2.0,"displayOptions":[],"displayPadZeros":0.0,"displayType":"DESTINATION","displayDefaultText":"Not In Service","doorXMultiplier":0.0,"doorZMultiplier":0.0,"doorAnimationType":"STANDARD","renderFromOpeningDoorTime":0,"renderUntilOpeningDoorTime":0,"renderFromClosingDoorTime":0,"renderUntilClosingDoorTime":0,"flashOffTime":0,"flashOnTime":0},{"names":["Tuer_A_Aussen"],"positionDefinitions":["84e72762"],"condition":"NORMAL","renderStage":"EXTERIOR","type":"NORMAL","displayXPadding":0.0,"displayYPadding":0.0,"displayColorCjk":"FF9900","displayColor":"FF9900","displayMaxLineHeight":1.5,"displayCjkSizeRatio":2.0,"displayOptions":[],"displayPadZeros":0.0,"displayType":"DESTINATION","displayDefaultText":"Not In Service","doorXMultiplier":-1.0,"doorZMultiplier":13.0,"doorAnimationType":"PLUG_SLOW_2","renderFromOpeningDoorTime":0,"renderUntilOpeningDoorTime":0,"renderFromClosingDoorTime":0,"renderUntilClosingDoorTime":0,"flashOffTime":0,"flashOnTime":0},{"names":["Tuer_A_Innen"],"positionDefinitions":["63651efd"],"condition":"NORMAL","renderStage":"INTERIOR","type":"NORMAL","displayXPadding":0.0,"displayYPadding":0.0,"displayColorCjk":"FF9900","displayColor":"FF9900","displayMaxLineHeight":1.5,"displayCjkSizeRatio":2.0,"displayOptions":[],"displayPadZeros":0.0,"displayType":"DESTINATION","displayDefaultText":"Not In Service","doorXMultiplier":-1.0,"doorZMultiplier":13.0,"doorAnimationType":"PLUG_SLOW_2","renderFromOpeningDoorTime":0,"renderUntilOpeningDoorTime":0,"renderFromClosingDoorTime":0,"renderUntilClosingDoorTime":0,"flashOffTime":0,"flashOnTime":0},{"names":["Tuer_B_Aussen"],"positionDefinitions":["5b6cb065"],"condition":"NORMAL","renderStage":"EXTERIOR","type":"NORMAL","displayXPadding":0.0,"displayYPadding":0.0,"displayColorCjk":"FF9900","displayColor":"FF9900","displayMaxLineHeight":1.5,"displayCjkSizeRatio":2.0,"displayOptions":[],"displayPadZeros":0.0,"displayType":"DESTINATION","displayDefaultText":"Not In Service","doorXMultiplier":-1.0,"doorZMultiplier":-13.0,"doorAnimationType":"PLUG_SLOW_2","renderFromOpeningDoorTime":0,"renderUntilOpeningDoorTime":0,"renderFromClosingDoorTime":0,"renderUntilClosingDoorTime":0,"flashOffTime":0,"flashOnTime":0},{"names":["Tuer_B_Innen"],"positionDefinitions":["47f9746d"],"condition":"NORMAL","renderStage":"INTERIOR","type":"NORMAL","displayXPadding":0.0,"displayYPadding":0.0,"displayColorCjk":"FF9900","displayColor":"FF9900","displayMaxLineHeight":1.5,"displayCjkSizeRatio":2.0,"displayOptions":[],"displayPadZeros":0.0,"displayType":"DESTINATION","displayDefaultText":"Not In Service","doorXMultiplier":-1.0,"doorZMultiplier":-13.0,"doorAnimationType":"PLUG_SLOW_2","renderFromOpeningDoorTime":0,"renderUntilOpeningDoorTime":0,"renderFromClosingDoorTime":0,"renderUntilClosingDoorTime":0,"flashOffTime":0,"flashOnTime":0},{"names":["Tuer_Leuchte_ein"],"positionDefinitions":["75034c3d"],"condition":"NORMAL","renderStage":"LIGHT","type":"NORMAL","displayXPadding":0.0,"displayYPadding":0.0,"displayColorCjk":"FF9900","displayColor":"FF9900","displayMaxLineHeight":1.5,"displayCjkSizeRatio":2.0,"displayOptions":[],"displayPadZeros":0.0,"displayType":"DESTINATION","displayDefaultText":"Not In Service","doorXMultiplier":-0.1,"doorZMultiplier":0.0,"doorAnimationType":"PLUG_FAST","renderFromOpeningDoorTime":0,"renderUntilOpeningDoorTime":0,"renderFromClosingDoorTime":0,"renderUntilClosingDoorTime":0,"flashOffTime":0,"flashOnTime":0},{"names":["Rampe_A"],"positionDefinitions":["3be11f42"],"condition":"NORMAL","renderStage":"EXTERIOR","type":"NORMAL","displayXPadding":0.0,"displayYPadding":0.0,"displayColorCjk":"FF9900","displayColor":"FF9900","displayMaxLineHeight":1.5,"displayCjkSizeRatio":2.0,"displayOptions":[],"displayPadZeros":0.0,"displayType":"DESTINATION","displayDefaultText":"Not In Service","doorXMultiplier":-1.8,"doorZMultiplier":0.0,"doorAnimationType":"PLUG_SLOW_3","renderFromOpeningDoorTime":0,"renderUntilOpeningDoorTime":0,"renderFromClosingDoorTime":0,"renderUntilClosingDoorTime":0,"flashOffTime":0,"flashOnTime":0},{"names":["Depot_Leuchte_ein"],"positionDefinitions":["25109ed5"],"condition":"AT_DEPOT","renderStage":"ALWAYS_ON_LIGHT","type":"NORMAL","displayXPadding":0.0,"displayYPadding":0.0,"displayColorCjk":"FF9900","displayColor":"FF9900","displayMaxLineHeight":1.5,"displayCjkSizeRatio":2.0,"displayOptions":[],"displayPadZeros":0.0,"displayType":"DESTINATION","displayDefaultText":"Not In Service","doorXMultiplier":0.0,"doorZMultiplier":0.0,"doorAnimationType":"STANDARD","renderFromOpeningDoorTime":0,"renderUntilOpeningDoorTime":0,"renderFromClosingDoorTime":0,"renderUntilClosingDoorTime":0,"flashOffTime":0,"flashOnTime":0},{"names":["Lichtroehre_normal"],"positionDefinitions":["99c31611"],"condition":"NORMAL","renderStage":"LIGHT","type":"NORMAL","displayXPadding":0.0,"displayYPadding":0.0,"displayColorCjk":"FF9900","displayColor":"FF9900","displayMaxLineHeight":1.5,"displayCjkSizeRatio":2.0,"displayOptions":[],"displayPadZeros":0.0,"displayType":"DESTINATION","displayDefaultText":"Not In Service","doorXMultiplier":0.0,"doorZMultiplier":0.0,"doorAnimationType":"STANDARD","renderFromOpeningDoorTime":0,"renderUntilOpeningDoorTime":0,"renderFromClosingDoorTime":0,"renderUntilClosingDoorTime":0,"flashOffTime":0,"flashOnTime":0},{"names":["Lichtroehre_kurz"],"positionDefinitions":["8dbf7725"],"condition":"NORMAL","renderStage":"LIGHT","type":"NORMAL","displayXPadding":0.0,"displayYPadding":0.0,"displayColorCjk":"FF9900","displayColor":"FF9900","displayMaxLineHeight":1.5,"displayCjkSizeRatio":2.0,"displayOptions":[],"displayPadZeros":0.0,"displayType":"DESTINATION","displayDefaultText":"Not In Service","doorXMultiplier":0.0,"doorZMultiplier":0.0,"doorAnimationType":"STANDARD","renderFromOpeningDoorTime":0,"renderUntilOpeningDoorTime":0,"renderFromClosingDoorTime":0,"renderUntilClosingDoorTime":0,"flashOffTime":0,"flashOnTime":0},{"names":["Lichtroehre_mini"],"positionDefinitions":["aa2d1a89"],"condition":"NORMAL","renderStage":"LIGHT","type":"NORMAL","displayXPadding":0.0,"displayYPadding":0.0,"displayColorCjk":"FF9900","displayColor":"FF9900","displayMaxLineHeight":1.5,"displayCjkSizeRatio":2.0,"displayOptions":[],"displayPadZeros":0.0,"displayType":"DESTINATION","displayDefaultText":"Not In Service","doorXMultiplier":0.0,"doorZMultiplier":0.0,"doorAnimationType":"STANDARD","renderFromOpeningDoorTime":0,"renderUntilOpeningDoorTime":0,"renderFromClosingDoorTime":0,"renderUntilClosingDoorTime":0,"flashOffTime":0,"flashOnTime":0},{"names":["Interieur_Zwischentuer"],"positionDefinitions":["edc15714"],"condition":"NORMAL","renderStage":"INTERIOR","type":"NORMAL","displayXPadding":0.0,"displayYPadding":0.0,"displayColorCjk":"FF9900","displayColor":"FF9900","displayMaxLineHeight":1.5,"displayCjkSizeRatio":2.0,"displayOptions":[],"displayPadZeros":0.0,"displayType":"DESTINATION","displayDefaultText":"Not In Service","doorXMultiplier":0.0,"doorZMultiplier":0.0,"doorAnimationType":"STANDARD","renderFromOpeningDoorTime":0,"renderUntilOpeningDoorTime":0,"renderFromClosingDoorTime":0,"renderUntilClosingDoorTime":0,"flashOffTime":0,"flashOnTime":0},{"names":["Stangen_Zwischentuer"],"positionDefinitions":["20a52de6"],"condition":"NORMAL","renderStage":"INTERIOR","type":"NORMAL","displayXPadding":0.0,"displayYPadding":0.0,"displayColorCjk":"FF9900","displayColor":"FF9900","displayMaxLineHeight":1.5,"displayCjkSizeRatio":2.0,"displayOptions":[],"displayPadZeros":0.0,"displayType":"DESTINATION","displayDefaultText":"Not In Service","doorXMultiplier":0.0,"doorZMultiplier":0.0,"doorAnimationType":"STANDARD","renderFromOpeningDoorTime":0,"renderUntilOpeningDoorTime":0,"renderFromClosingDoorTime":0,"renderUntilClosingDoorTime":0,"flashOffTime":0,"flashOnTime":0},{"names":["Sitze_Zwischentuer"],"positionDefinitions":["963f1091"],"condition":"NORMAL","renderStage":"INTERIOR","type":"NORMAL","displayXPadding":0.0,"displayYPadding":0.0,"displayColorCjk":"FF9900","displayColor":"FF9900","displayMaxLineHeight":1.5,"displayCjkSizeRatio":2.0,"displayOptions":[],"displayPadZeros":0.0,"displayType":"DESTINATION","displayDefaultText":"Not In Service","doorXMultiplier":0.0,"doorZMultiplier":0.0,"doorAnimationType":"STANDARD","renderFromOpeningDoorTime":0,"renderUntilOpeningDoorTime":0,"renderFromClosingDoorTime":0,"renderUntilClosingDoorTime":0,"flashOffTime":0,"flashOnTime":0},{"names":["Roter_Kasten_Gelenk"],"positionDefinitions":["b0db86c8"],"condition":"NORMAL","renderStage":"INTERIOR","type":"NORMAL","displayXPadding":0.0,"displayYPadding":0.0,"displayColorCjk":"FF9900","displayColor":"FF9900","displayMaxLineHeight":1.5,"displayCjkSizeRatio":2.0,"displayOptions":[],"displayPadZeros":0.0,"displayType":"DESTINATION","displayDefaultText":"Not In Service","doorXMultiplier":0.0,"doorZMultiplier":0.0,"doorAnimationType":"STANDARD","renderFromOpeningDoorTime":0,"renderUntilOpeningDoorTime":0,"renderFromClosingDoorTime":0,"renderUntilClosingDoorTime":0,"flashOffTime":0,"flashOnTime":0},{"names":["Sitze_Gelenk"],"positionDefinitions":["a88ceb28"],"condition":"NORMAL","renderStage":"INTERIOR","type":"NORMAL","displayXPadding":0.0,"displayYPadding":0.0,"displayColorCjk":"FF9900","displayColor":"FF9900","displayMaxLineHeight":1.5,"displayCjkSizeRatio":2.0,"displayOptions":[],"displayPadZeros":0.0,"displayType":"DESTINATION","displayDefaultText":"Not In Service","doorXMultiplier":0.0,"doorZMultiplier":0.0,"doorAnimationType":"STANDARD","renderFromOpeningDoorTime":0,"renderUntilOpeningDoorTime":0,"renderFromClosingDoorTime":0,"renderUntilClosingDoorTime":0,"flashOffTime":0,"flashOnTime":0},{"names":["Sitze_Frontende"],"positionDefinitions":["a19ac499"],"condition":"NORMAL","renderStage":"INTERIOR","type":"NORMAL","displayXPadding":0.0,"displayYPadding":0.0,"displayColorCjk":"FF9900","displayColor":"FF9900","displayMaxLineHeight":1.5,"displayCjkSizeRatio":2.0,"displayOptions":[],"displayPadZeros":0.0,"displayType":"DESTINATION","displayDefaultText":"Not In Service","doorXMultiplier":0.0,"doorZMultiplier":0.0,"doorAnimationType":"STANDARD","renderFromOpeningDoorTime":0,"renderUntilOpeningDoorTime":0,"renderFromClosingDoorTime":0,"renderUntilClosingDoorTime":0,"flashOffTime":0,"flashOnTime":0},{"names":["Tuer_A_Gruenlicht"],"positionDefinitions":["71867d92"],"condition":"DOORS_OPENED","renderStage":"ALWAYS_ON_LIGHT","type":"NORMAL","displayXPadding":0.0,"displayYPadding":0.0,"displayColorCjk":"FF9900","displayColor":"FF9900","displayMaxLineHeight":1.5,"displayCjkSizeRatio":2.0,"displayOptions":[],"displayPadZeros":0.0,"displayType":"DESTINATION","displayDefaultText":"Not In Service","doorXMultiplier":-1.0,"doorZMultiplier":13.0,"doorAnimationType":"PLUG_SLOW_2","renderFromOpeningDoorTime":1,"renderUntilOpeningDoorTime":999999,"renderFromClosingDoorTime":1,"renderUntilClosingDoorTime":1,"flashOffTime":0,"flashOnTime":0},{"names":["Tuer_B_Gruenlicht"],"positionDefinitions":["79ffa943"],"condition":"DOORS_OPENED","renderStage":"ALWAYS_ON_LIGHT","type":"NORMAL","displayXPadding":0.0,"displayYPadding":0.0,"displayColorCjk":"FF9900","displayColor":"FF9900","displayMaxLineHeight":1.5,"displayCjkSizeRatio":2.0,"displayOptions":[],"displayPadZeros":0.0,"displayType":"DESTINATION","displayDefaultText":"Not In Service","doorXMultiplier":-1.0,"doorZMultiplier":-13.0,"doorAnimationType":"PLUG_SLOW_2","renderFromOpeningDoorTime":1,"renderUntilOpeningDoorTime":999999,"renderFromClosingDoorTime":1,"renderUntilClosingDoorTime":1,"flashOffTime":0,"flashOnTime":0},{"names":["Tuer_A_Rotlicht"],"positionDefinitions":["a5b10834"],"condition":"DOORS_OPENED","renderStage":"ALWAYS_ON_LIGHT","type":"NORMAL","displayXPadding":0.0,"displayYPadding":0.0,"displayColorCjk":"FF9900","displayColor":"FF9900","displayMaxLineHeight":1.5,"displayCjkSizeRatio":2.0,"displayOptions":[],"displayPadZeros":0.0,"displayType":"DESTINATION","displayDefaultText":"Not In Service","doorXMultiplier":-1.0,"doorZMultiplier":13.0,"doorAnimationType":"PLUG_SLOW_2","renderFromOpeningDoorTime":1,"renderUntilOpeningDoorTime":1,"renderFromClosingDoorTime":1,"renderUntilClosingDoorTime":2500,"flashOffTime":50,"flashOnTime":50},{"names":["Tuer_B_Rotlicht"],"positionDefinitions":["a6c2d87d"],"condition":"DOORS_OPENED","renderStage":"ALWAYS_ON_LIGHT","type":"NORMAL","displayXPadding":0.0,"displayYPadding":0.0,"displayColorCjk":"FF9900","displayColor":"FF9900","displayMaxLineHeight":1.5,"displayCjkSizeRatio":2.0,"displayOptions":[],"displayPadZeros":0.0,"displayType":"DESTINATION","displayDefaultText":"Not In Service","doorXMultiplier":-1.0,"doorZMultiplier":-13.0,"doorAnimationType":"PLUG_SLOW_2","renderFromOpeningDoorTime":1,"renderUntilOpeningDoorTime":1,"renderFromClosingDoorTime":1,"renderUntilClosingDoorTime":2500,"flashOffTime":50,"flashOnTime":50},{"names":["FGIplus_Linienfarbe"],"positionDefinitions":["3021e3bd"],"condition":"NORMAL","renderStage":"EXTERIOR","type":"DISPLAY","displayXPadding":0.0,"displayYPadding":0.0,"displayColorCjk":"FF9900","displayColor":"FF9900","displayMaxLineHeight":1.5,"displayCjkSizeRatio":2.0,"displayOptions":[],"displayPadZeros":0.0,"displayType":"ROUTE_COLOR","displayDefaultText":"Not In Service","doorXMultiplier":0.0,"doorZMultiplier":0.0,"doorAnimationType":"STANDARD","renderFromOpeningDoorTime":0,"renderUntilOpeningDoorTime":0,"renderFromClosingDoorTime":0,"renderUntilClosingDoorTime":0,"flashOffTime":0,"flashOnTime":0},{"names":["FGIplus_Anz_Linie_fahrt"],"positionDefinitions":["55e4c202"],"condition":"DOORS_CLOSED","renderStage":"EXTERIOR","type":"DISPLAY","displayXPadding":0.0,"displayYPadding":0.0,"displayColorCjk":"FFFFFF","displayColor":"FFFFFF","displayMaxLineHeight":2.0,"displayCjkSizeRatio":2.0,"displayOptions":["SPACE_CJK","ALIGN_BOTTOM","CYCLE_LANGUAGES"],"displayPadZeros":0.0,"displayType":"ROUTE_NUMBER","displayDefaultText":"","doorXMultiplier":0.0,"doorZMultiplier":0.0,"doorAnimationType":"STANDARD","renderFromOpeningDoorTime":0,"renderUntilOpeningDoorTime":0,"renderFromClosingDoorTime":0,"renderUntilClosingDoorTime":0,"flashOffTime":0,"flashOnTime":0},{"names":["FGIplus_Anz_Ziel_fahrt"],"positionDefinitions":["9b2d4f4d"],"condition":"DOORS_CLOSED","renderStage":"EXTERIOR","type":"DISPLAY","displayXPadding":0.0,"displayYPadding":0.0,"displayColorCjk":"FFFFFF","displayColor":"FFFFFF","displayMaxLineHeight":2.0,"displayCjkSizeRatio":2.0,"displayOptions":["SPACE_CJK","ALIGN_BOTTOM","CYCLE_LANGUAGES"],"displayPadZeros":0.0,"displayType":"DESTINATION","displayDefaultText":"","doorXMultiplier":0.0,"doorZMultiplier":0.0,"doorAnimationType":"STANDARD","renderFromOpeningDoorTime":0,"renderUntilOpeningDoorTime":0,"renderFromClosingDoorTime":0,"renderUntilClosingDoorTime":0,"flashOffTime":0,"flashOnTime":0},{"names":["FGIplus_Anz_Next_fahrt"],"positionDefinitions":["1f3e6daa"],"condition":"DOORS_CLOSED","renderStage":"EXTERIOR","type":"DISPLAY","displayXPadding":0.0,"displayYPadding":0.0,"displayColorCjk":"FFFFFF","displayColor":"FFFFFF","displayMaxLineHeight":2.0,"displayCjkSizeRatio":2.0,"displayOptions":["SPACE_CJK","ALIGN_BOTTOM","CYCLE_LANGUAGES"],"displayPadZeros":0.0,"displayType":"NEXT_STATION","displayDefaultText":"","doorXMultiplier":0.0,"doorZMultiplier":0.0,"doorAnimationType":"STANDARD","renderFromOpeningDoorTime":0,"renderUntilOpeningDoorTime":0,"renderFromClosingDoorTime":0,"renderUntilClosingDoorTime":0,"flashOffTime":0,"flashOnTime":0},{"names":["FGIplus_Netzplan_fahrt"],"positionDefinitions":["1ab63d42"],"condition":"DOORS_CLOSED","renderStage":"LIGHT","type":"NORMAL","displayXPadding":0.0,"displayYPadding":0.0,"displayColorCjk":"FF9900","displayColor":"FF9900","displayMaxLineHeight":1.5,"displayCjkSizeRatio":2.0,"displayOptions":[],"displayPadZeros":0.0,"displayType":"DESTINATION","displayDefaultText":"Not In Service","doorXMultiplier":0.0,"doorZMultiplier":0.0,"doorAnimationType":"STANDARD","renderFromOpeningDoorTime":0,"renderUntilOpeningDoorTime":0,"renderFromClosingDoorTime":0,"renderUntilClosingDoorTime":0,"flashOffTime":0,"flashOnTime":0},{"names":["FGIplus_Anz_Linie_stop"],"positionDefinitions":["5d5bb981"],"condition":"DOORS_OPENED","renderStage":"EXTERIOR","type":"DISPLAY","displayXPadding":0.0,"displayYPadding":0.0,"displayColorCjk":"FFFFFF","displayColor":"FFFFFF","displayMaxLineHeight":2.0,"displayCjkSizeRatio":2.0,"displayOptions":["SPACE_CJK","ALIGN_BOTTOM","CYCLE_LANGUAGES"],"displayPadZeros":0.0,"displayType":"ROUTE_NUMBER","displayDefaultText":"","doorXMultiplier":0.0,"doorZMultiplier":0.0,"doorAnimationType":"STANDARD","renderFromOpeningDoorTime":0,"renderUntilOpeningDoorTime":0,"renderFromClosingDoorTime":0,"renderUntilClosingDoorTime":0,"flashOffTime":0,"flashOnTime":0},{"names":["FGIplus_Anz_Ziel_stop"],"positionDefinitions":["953d6170"],"condition":"DOORS_OPENED","renderStage":"EXTERIOR","type":"DISPLAY","displayXPadding":0.0,"displayYPadding":0.0,"displayColorCjk":"FFFFFF","displayColor":"FFFFFF","displayMaxLineHeight":2.0,"displayCjkSizeRatio":2.0,"displayOptions":["SPACE_CJK","ALIGN_BOTTOM","CYCLE_LANGUAGES"],"displayPadZeros":0.0,"displayType":"DESTINATION","displayDefaultText":"","doorXMultiplier":0.0,"doorZMultiplier":0.0,"doorAnimationType":"STANDARD","renderFromOpeningDoorTime":0,"renderUntilOpeningDoorTime":0,"renderFromClosingDoorTime":0,"renderUntilClosingDoorTime":0,"flashOffTime":0,"flashOnTime":0},{"names":["FGIplus_Anz_Station_stop"],"positionDefinitions":["500e0622"],"condition":"DOORS_OPENED","renderStage":"EXTERIOR","type":"DISPLAY","displayXPadding":0.0,"displayYPadding":0.0,"displayColorCjk":"000000","displayColor":"000000","displayMaxLineHeight":3.0,"displayCjkSizeRatio":2.0,"displayOptions":["SPACE_CJK","ALIGN_BOTTOM","CYCLE_LANGUAGES"],"displayPadZeros":0.0,"displayType":"NEXT_STATION","displayDefaultText":"","doorXMultiplier":0.0,"doorZMultiplier":0.0,"doorAnimationType":"STANDARD","renderFromOpeningDoorTime":0,"renderUntilOpeningDoorTime":0,"renderFromClosingDoorTime":0,"renderUntilClosingDoorTime":0,"flashOffTime":0,"flashOnTime":0},{"names":["FGIplus_Basis"],"positionDefinitions":["e26ec5b9"],"condition":"DOORS_OPENED","renderStage":"LIGHT","type":"NORMAL","displayXPadding":0.0,"displayYPadding":0.0,"displayColorCjk":"FF9900","displayColor":"FF9900","displayMaxLineHeight":1.5,"displayCjkSizeRatio":2.0,"displayOptions":[],"displayPadZeros":0.0,"displayType":"DESTINATION","displayDefaultText":"Not In Service","doorXMultiplier":0.0,"doorZMultiplier":0.0,"doorAnimationType":"STANDARD","renderFromOpeningDoorTime":0,"renderUntilOpeningDoorTime":0,"renderFromClosingDoorTime":0,"renderUntilClosingDoorTime":0,"flashOffTime":0,"flashOnTime":0},{"names":["Tuerpfade"],"positionDefinitions":["17dfcfdb"],"condition":"NORMAL","renderStage":"EXTERIOR","type":"DOORWAY","displayXPadding":0.0,"displayYPadding":0.0,"displayColorCjk":"FF9900","displayColor":"FF9900","displayMaxLineHeight":1.5,"displayCjkSizeRatio":2.0,"displayOptions":[],"displayPadZeros":0.0,"displayType":"DESTINATION","displayDefaultText":"Not In Service","doorXMultiplier":0.0,"doorZMultiplier":0.0,"doorAnimationType":"STANDARD","renderFromOpeningDoorTime":0,"renderUntilOpeningDoorTime":0,"renderFromClosingDoorTime":0,"renderUntilClosingDoorTime":0,"flashOffTime":0,"flashOnTime":0},{"names":["Pfade_Cabcar"],"positionDefinitions":["dc63b56d"],"condition":"NORMAL","renderStage":"EXTERIOR","type":"FLOOR","displayXPadding":0.0,"displayYPadding":0.0,"displayColorCjk":"FF9900","displayColor":"FF9900","displayMaxLineHeight":1.5,"displayCjkSizeRatio":2.0,"displayOptions":[],"displayPadZeros":0.0,"displayType":"DESTINATION","displayDefaultText":"Not In Service","doorXMultiplier":0.0,"doorZMultiplier":0.0,"doorAnimationType":"STANDARD","renderFromOpeningDoorTime":0,"renderUntilOpeningDoorTime":0,"renderFromClosingDoorTime":0,"renderUntilClosingDoorTime":0,"flashOffTime":0,"flashOnTime":0},{"names":["Ruecklicht"],"positionDefinitions":["5eaf22c2"],"condition":"AT_DEPOT","renderStage":"ALWAYS_ON_LIGHT","type":"NORMAL","displayXPadding":0.0,"displayYPadding":0.0,"displayColorCjk":"FF9900","displayColor":"FF9900","displayMaxLineHeight":1.5,"displayCjkSizeRatio":2.0,"displayOptions":[],"displayPadZeros":0.0,"displayType":"DESTINATION","displayDefaultText":"Not In Service","doorXMultiplier":0.0,"doorZMultiplier":0.0,"doorAnimationType":"STANDARD","renderFromOpeningDoorTime":0,"renderUntilOpeningDoorTime":0,"renderFromClosingDoorTime":0,"renderUntilClosingDoorTime":0,"flashOffTime":0,"flashOnTime":0},{"names":["Tuer_A_Rotlicht"],"positionDefinitions":["6261b38"],"condition":"DOORS_OPENED","renderStage":"ALWAYS_ON_LIGHT","type":"NORMAL","displayXPadding":0.0,"displayYPadding":0.0,"displayColorCjk":"FF9900","displayColor":"FF9900","displayMaxLineHeight":1.5,"displayCjkSizeRatio":2.0,"displayOptions":[],"displayPadZeros":0.0,"displayType":"DESTINATION","displayDefaultText":"Not In Service","doorXMultiplier":-1.0,"doorZMultiplier":13.0,"doorAnimationType":"PLUG_SLOW_2","renderFromOpeningDoorTime":0,"renderUntilOpeningDoorTime":1,"renderFromClosingDoorTime":0,"renderUntilClosingDoorTime":1,"flashOffTime":0,"flashOnTime":0},{"names":["Tuer_B_Rotlicht"],"positionDefinitions":["d95e2484"],"condition":"DOORS_OPENED","renderStage":"ALWAYS_ON_LIGHT","type":"NORMAL","displayXPadding":0.0,"displayYPadding":0.0,"displayColorCjk":"FF9900","displayColor":"FF9900","displayMaxLineHeight":1.5,"displayCjkSizeRatio":2.0,"displayOptions":[],"displayPadZeros":0.0,"displayType":"DESTINATION","displayDefaultText":"Not In Service","doorXMultiplier":-1.0,"doorZMultiplier":-13.0,"doorAnimationType":"PLUG_SLOW_2","renderFromOpeningDoorTime":0,"renderUntilOpeningDoorTime":1,"renderFromClosingDoorTime":0,"renderUntilClosingDoorTime":1,"flashOffTime":0,"flashOnTime":0},{"names":["Tuer_A_Gruenlicht_Innen"],"positionDefinitions":["b97eaa9e"],"condition":"DOORS_OPENED","renderStage":"ALWAYS_ON_LIGHT","type":"NORMAL","displayXPadding":0.0,"displayYPadding":0.0,"displayColorCjk":"FF9900","displayColor":"FF9900","displayMaxLineHeight":1.5,"displayCjkSizeRatio":2.0,"displayOptions":[],"displayPadZeros":0.0,"displayType":"DESTINATION","displayDefaultText":"Not In Service","doorXMultiplier":-1.0,"doorZMultiplier":13.0,"doorAnimationType":"PLUG_SLOW_2","renderFromOpeningDoorTime":1,"renderUntilOpeningDoorTime":999999,"renderFromClosingDoorTime":1,"renderUntilClosingDoorTime":1,"flashOffTime":0,"flashOnTime":0},{"names":["Tuer_B_Gruenlicht_Innen"],"positionDefinitions":["13bf091d"],"condition":"DOORS_OPENED","renderStage":"ALWAYS_ON_LIGHT","type":"NORMAL","displayXPadding":0.0,"displayYPadding":0.0,"displayColorCjk":"FF9900","displayColor":"FF9900","displayMaxLineHeight":1.5,"displayCjkSizeRatio":2.0,"displayOptions":[],"displayPadZeros":0.0,"displayType":"DESTINATION","displayDefaultText":"Not In Service","doorXMultiplier":-1.0,"doorZMultiplier":-13.0,"doorAnimationType":"PLUG_SLOW_2","renderFromOpeningDoorTime":1,"renderUntilOpeningDoorTime":999999,"renderFromClosingDoorTime":1,"renderUntilClosingDoorTime":1,"flashOffTime":0,"flashOnTime":0},{"names":["Tuer_A_Rotlicht_Innen"],"positionDefinitions":["e7c35b6c"],"condition":"DOORS_OPENED","renderStage":"ALWAYS_ON_LIGHT","type":"NORMAL","displayXPadding":0.0,"displayYPadding":0.0,"displayColorCjk":"FF9900","displayColor":"FF9900","displayMaxLineHeight":1.5,"displayCjkSizeRatio":2.0,"displayOptions":[],"displayPadZeros":0.0,"displayType":"DESTINATION","displayDefaultText":"Not In Service","doorXMultiplier":-1.0,"doorZMultiplier":13.0,"doorAnimationType":"PLUG_SLOW_2","renderFromOpeningDoorTime":1,"renderUntilOpeningDoorTime":1,"renderFromClosingDoorTime":1,"renderUntilClosingDoorTime":2500,"flashOffTime":50,"flashOnTime":50},{"names":["Tuer_B_Rotlicht_Innen"],"positionDefinitions":["414d8c18"],"condition":"DOORS_OPENED","renderStage":"ALWAYS_ON_LIGHT","type":"NORMAL","displayXPadding":0.0,"displayYPadding":0.0,"displayColorCjk":"FF9900","displayColor":"FF9900","displayMaxLineHeight":1.5,"displayCjkSizeRatio":2.0,"displayOptions":[],"displayPadZeros":0.0,"displayType":"DESTINATION","displayDefaultText":"Not In Service","doorXMultiplier":-1.0,"doorZMultiplier":-13.0,"doorAnimationType":"PLUG_SLOW_2","renderFromOpeningDoorTime":1,"renderUntilOpeningDoorTime":1,"renderFromClosingDoorTime":1,"renderUntilClosingDoorTime":2500,"flashOffTime":50,"flashOnTime":50},{"names":["Tuer_A_Rotlicht_Innen"],"positionDefinitions":["eebb2a1"],"condition":"DOORS_OPENED","renderStage":"ALWAYS_ON_LIGHT","type":"NORMAL","displayXPadding":0.0,"displayYPadding":0.0,"displayColorCjk":"FF9900","displayColor":"FF9900","displayMaxLineHeight":1.5,"displayCjkSizeRatio":2.0,"displayOptions":[],"displayPadZeros":0.0,"displayType":"DESTINATION","displayDefaultText":"Not In Service","doorXMultiplier":-1.0,"doorZMultiplier":13.0,"doorAnimationType":"PLUG_SLOW_2","renderFromOpeningDoorTime":0,"renderUntilOpeningDoorTime":1,"renderFromClosingDoorTime":0,"renderUntilClosingDoorTime":1,"flashOffTime":0,"flashOnTime":0},{"names":["Tuer_B_Rotlicht_Innen"],"positionDefinitions":["de85eff8"],"condition":"DOORS_OPENED","renderStage":"ALWAYS_ON_LIGHT","type":"NORMAL","displayXPadding":0.0,"displayYPadding":0.0,"displayColorCjk":"FF9900","displayColor":"FF9900","displayMaxLineHeight":1.5,"displayCjkSizeRatio":2.0,"displayOptions":[],"displayPadZeros":0.0,"displayType":"DESTINATION","displayDefaultText":"Not In Service","doorXMultiplier":-1.0,"doorZMultiplier":-13.0,"doorAnimationType":"PLUG_SLOW_2","renderFromOpeningDoorTime":0,"renderUntilOpeningDoorTime":1,"renderFromClosingDoorTime":0,"renderUntilClosingDoorTime":1,"flashOffTime":0,"flashOnTime":0},{"names":["Tuer_Blinklicht_Aus"],"positionDefinitions":["45bfda58"],"condition":"NORMAL","renderStage":"INTERIOR","type":"NORMAL","displayXPadding":0.0,"displayYPadding":0.0,"displayColorCjk":"FF9900","displayColor":"FF9900","displayMaxLineHeight":1.5,"displayCjkSizeRatio":2.0,"displayOptions":[],"displayPadZeros":0.0,"displayType":"DESTINATION","displayDefaultText":"Not In Service","doorXMultiplier":0.0,"doorZMultiplier":0.0,"doorAnimationType":"STANDARD","renderFromOpeningDoorTime":0,"renderUntilOpeningDoorTime":0,"renderFromClosingDoorTime":0,"renderUntilClosingDoorTime":0,"flashOffTime":0,"flashOnTime":0},{"names":["Tuer_B_Knopflicht_GRUEN"],"positionDefinitions":["df8e86b"],"condition":"DOORS_OPENED","renderStage":"ALWAYS_ON_LIGHT","type":"NORMAL","displayXPadding":0.0,"displayYPadding":0.0,"displayColorCjk":"FF9900","displayColor":"FF9900","displayMaxLineHeight":1.5,"displayCjkSizeRatio":2.0,"displayOptions":[],"displayPadZeros":0.0,"displayType":"DESTINATION","displayDefaultText":"Not In Service","doorXMultiplier":-1.0,"doorZMultiplier":-13.0,"doorAnimationType":"PLUG_SLOW_2","renderFromOpeningDoorTime":1,"renderUntilOpeningDoorTime":999999,"renderFromClosingDoorTime":1,"renderUntilClosingDoorTime":1,"flashOffTime":0,"flashOnTime":0},{"names":["Rollo_Unten"],"positionDefinitions":["a83ada5c"],"condition":"NORMAL","renderStage":"EXTERIOR","type":"NORMAL","displayXPadding":0.0,"displayYPadding":0.0,"displayColorCjk":"FF9900","displayColor":"FF9900","displayMaxLineHeight":1.5,"displayCjkSizeRatio":2.0,"displayOptions":[],"displayPadZeros":0.0,"displayType":"DESTINATION","displayDefaultText":"Not In Service","doorXMultiplier":0.0,"doorZMultiplier":0.0,"doorAnimationType":"STANDARD","renderFromOpeningDoorTime":0,"renderUntilOpeningDoorTime":0,"renderFromClosingDoorTime":0,"renderUntilClosingDoorTime":0,"flashOffTime":0,"flashOnTime":0}],"modelYOffset":1.0,"gangwayInnerSideResource":"mtr:textures/gangway/s_train_side.png","gangwayInnerTopResource":"mtr:textures/gangway/s_train_roof.png","gangwayInnerBottomResource":"mtr:textures/gangway/s_train_floor.png","gangwayOuterSideResource":"mtr:textures/gangway/s_train_exterior.png","gangwayOuterTopResource":"mtr:textures/gangway/s_train_exterior.png","gangwayOuterBottomResource":"mtr:textures/gangway/s_train_exterior.png","gangwayWidth":2.25,"gangwayHeight":2.3565,"gangwayYOffset":1.0,"gangwayZOffset":0.5,"barrierInnerSideResource":"","barrierInnerTopResource":"","barrierInnerBottomResource":"","barrierOuterSideResource":"","barrierOuterTopResource":"","barrierOuterBottomResource":"","barrierWidth":2.25,"barrierHeight":1.0,"barrierYOffset":1.25,"barrierZOffset":0.25}