{"positionDefinitions":[{"name":"bd489107","positions":[{"x":0,"y":0,"z":0}],"positionsFlipped":[]},{"name":"759d9a6f","positions":[{"x":0,"y":0,"z":0}],"positionsFlipped":[]},{"name":"57a6fc17","positions":[{"x":0,"y":0,"z":0}],"positionsFlipped":[]},{"name":"990540f5","positions":[{"x":0,"y":0,"z":0}],"positionsFlipped":[]},{"name":"7208b859","positions":[{"x":0,"y":0,"z":0}],"positionsFlipped":[]},{"name":"4106d32d","positions":[{"x":0,"y":0,"z":0}],"positionsFlipped":[]},{"name":"aa917509","positions":[{"x":0,"y":0,"z":0}],"positionsFlipped":[]},{"name":"aee9ea48","positions":[{"x":0,"y":0,"z":0}],"positionsFlipped":[]},{"name":"bfca38e9","positions":[{"x":0,"y":0,"z":0}],"positionsFlipped":[]},{"name":"dd323e78","positions":[{"x":0,"y":0,"z":0}],"positionsFlipped":[]},{"name":"c03f87a8","positions":[{"x":0,"y":0,"z":0}],"positionsFlipped":[]},{"name":"686d8374","positions":[{"x":0,"y":0,"z":0}],"positionsFlipped":[]},{"name":"714bb741","positions":[{"x":0,"y":0,"z":0}],"positionsFlipped":[]},{"name":"ae4e1fdd","positions":[{"x":0,"y":0,"z":0}],"positionsFlipped":[]},{"name":"7ea9a620","positions":[{"x":0,"y":0,"z":0}],"positionsFlipped":[]},{"name":"7cf6f0be","positions":[{"x":0,"y":0,"z":0}],"positionsFlipped":[]},{"name":"409fc9ed","positions":[{"x":0,"y":0,"z":0}],"positionsFlipped":[]},{"name":"1f231ff3","positions":[{"x":0,"y":0,"z":0}],"positionsFlipped":[]},{"name":"acc871b","positions":[{"x":0,"y":0,"z":0}],"positionsFlipped":[]},{"name":"db99d206","positions":[{"x":0,"y":0,"z":0}],"positionsFlipped":[]},{"name":"5f22ce06","positions":[{"x":0,"y":0,"z":0}],"positionsFlipped":[]},{"name":"373a8db3","positions":[{"x":0,"y":0,"z":0}],"positionsFlipped":[]},{"name":"30280781","positions":[{"x":0,"y":0,"z":0}],"positionsFlipped":[]},{"name":"c8c5410b","positions":[{"x":0,"y":0,"z":0}],"positionsFlipped":[]},{"name":"a73a4bc7","positions":[{"x":0,"y":0,"z":0}],"positionsFlipped":[]},{"name":"7ba68e39","positions":[{"x":0,"y":0,"z":0}],"positionsFlipped":[]},{"name":"4a7afe07","positions":[{"x":0,"y":0,"z":0}],"positionsFlipped":[]},{"name":"acd621e1","positions":[{"x":0,"y":0,"z":0}],"positionsFlipped":[]},{"name":"dc387a0c","positions":[{"x":0,"y":0,"z":0}],"positionsFlipped":[]},{"name":"1a4983bc","positions":[{"x":0,"y":0,"z":0}],"positionsFlipped":[]},{"name":"20569260","positions":[{"x":0,"y":0,"z":0}],"positionsFlipped":[]},{"name":"4bcbe927","positions":[{"x":0,"y":0,"z":0}],"positionsFlipped":[]},{"name":"f215b015","positions":[{"x":0,"y":0,"z":0}],"positionsFlipped":[]},{"name":"f516c27b","positions":[{"x":0,"y":0,"z":0}],"positionsFlipped":[]},{"name":"2560168b","positions":[{"x":0,"y":0,"z":0}],"positionsFlipped":[]},{"name":"4ebf929e","positions":[{"x":0,"y":0,"z":0}],"positionsFlipped":[]}]}