{"parts":[{"names":["middle_door_left"],"positionDefinitions":["bd489107"],"condition":"NORMAL","renderStage":"INTERIOR","type":"NORMAL","displayXPadding":0,"displayYPadding":0,"displayColorCjk":"","displayColor":"","displayMaxLineHeight":0,"displayCjkSizeRatio":0,"displayOptions":[],"displayPadZeros":0,"displayType":"DESTINATION","displayDefaultText":"","doorXMultiplier":-1,"doorZMultiplier":-10,"doorAnimationType":"PLUG_SLOW","renderFromOpeningDoorTime":0,"renderUntilOpeningDoorTime":0,"renderFromClosingDoorTime":0,"renderUntilClosingDoorTime":0,"flashOffTime":0,"flashOnTime":0},{"names":["middle_door_right"],"positionDefinitions":["759d9a6f"],"condition":"NORMAL","renderStage":"INTERIOR","type":"NORMAL","displayXPadding":0,"displayYPadding":0,"displayColorCjk":"","displayColor":"","displayMaxLineHeight":0,"displayCjkSizeRatio":0,"displayOptions":[],"displayPadZeros":0,"displayType":"DESTINATION","displayDefaultText":"","doorXMultiplier":-1,"doorZMultiplier":10,"doorAnimationType":"PLUG_SLOW","renderFromOpeningDoorTime":0,"renderUntilOpeningDoorTime":0,"renderFromClosingDoorTime":0,"renderUntilClosingDoorTime":0,"flashOffTime":0,"flashOnTime":0},{"names":["front_door_left"],"positionDefinitions":["57a6fc17"],"condition":"DOORS_OPENED","renderStage":"INTERIOR","type":"NORMAL","displayXPadding":0,"displayYPadding":0,"displayColorCjk":"","displayColor":"","displayMaxLineHeight":0,"displayCjkSizeRatio":0,"displayOptions":[],"displayPadZeros":0,"displayType":"DESTINATION","displayDefaultText":"","doorXMultiplier":-1,"doorZMultiplier":-10,"doorAnimationType":"PLUG_SLOW","renderFromOpeningDoorTime":0,"renderUntilOpeningDoorTime":0,"renderFromClosingDoorTime":0,"renderUntilClosingDoorTime":0,"flashOffTime":0,"flashOnTime":0},{"names":["front_door_right"],"positionDefinitions":["990540f5"],"condition":"DOORS_OPENED","renderStage":"INTERIOR","type":"NORMAL","displayXPadding":0,"displayYPadding":0,"displayColorCjk":"","displayColor":"","displayMaxLineHeight":0,"displayCjkSizeRatio":0,"displayOptions":[],"displayPadZeros":0,"displayType":"DESTINATION","displayDefaultText":"","doorXMultiplier":-1,"doorZMultiplier":10,"doorAnimationType":"PLUG_SLOW","renderFromOpeningDoorTime":0,"renderUntilOpeningDoorTime":0,"renderFromClosingDoorTime":0,"renderUntilClosingDoorTime":0,"flashOffTime":0,"flashOnTime":0},{"names":["front_door_left"],"positionDefinitions":["7208b859"],"condition":"DOORS_CLOSED","renderStage":"EXTERIOR","type":"NORMAL","displayXPadding":0,"displayYPadding":0,"displayColorCjk":"","displayColor":"","displayMaxLineHeight":0,"displayCjkSizeRatio":0,"displayOptions":[],"displayPadZeros":0,"displayType":"DESTINATION","displayDefaultText":"","doorXMultiplier":-1,"doorZMultiplier":-10,"doorAnimationType":"PLUG_SLOW","renderFromOpeningDoorTime":0,"renderUntilOpeningDoorTime":0,"renderFromClosingDoorTime":0,"renderUntilClosingDoorTime":0,"flashOffTime":0,"flashOnTime":0},{"names":["front_door_right"],"positionDefinitions":["4106d32d"],"condition":"DOORS_CLOSED","renderStage":"EXTERIOR","type":"NORMAL","displayXPadding":0,"displayYPadding":0,"displayColorCjk":"","displayColor":"","displayMaxLineHeight":0,"displayCjkSizeRatio":0,"displayOptions":[],"displayPadZeros":0,"displayType":"DESTINATION","displayDefaultText":"","doorXMultiplier":-1,"doorZMultiplier":10,"doorAnimationType":"PLUG_SLOW","renderFromOpeningDoorTime":0,"renderUntilOpeningDoorTime":0,"renderFromClosingDoorTime":0,"renderUntilClosingDoorTime":0,"flashOffTime":0,"flashOnTime":0},{"names":["front"],"positionDefinitions":["aa917509"],"condition":"DOORS_CLOSED","renderStage":"EXTERIOR","type":"NORMAL","displayXPadding":0,"displayYPadding":0,"displayColorCjk":"","displayColor":"","displayMaxLineHeight":0,"displayCjkSizeRatio":0,"displayOptions":[],"displayPadZeros":0,"displayType":"DESTINATION","displayDefaultText":"","doorXMultiplier":0,"doorZMultiplier":0,"doorAnimationType":"PLUG_SLOW","renderFromOpeningDoorTime":0,"renderUntilOpeningDoorTime":0,"renderFromClosingDoorTime":0,"renderUntilClosingDoorTime":0,"flashOffTime":0,"flashOnTime":0},{"names":["front"],"positionDefinitions":["aee9ea48"],"condition":"DOORS_OPENED","renderStage":"INTERIOR","type":"NORMAL","displayXPadding":0,"displayYPadding":0,"displayColorCjk":"","displayColor":"","displayMaxLineHeight":0,"displayCjkSizeRatio":0,"displayOptions":[],"displayPadZeros":0,"displayType":"DESTINATION","displayDefaultText":"","doorXMultiplier":0,"doorZMultiplier":0,"doorAnimationType":"PLUG_SLOW","renderFromOpeningDoorTime":0,"renderUntilOpeningDoorTime":0,"renderFromClosingDoorTime":0,"renderUntilClosingDoorTime":0,"flashOffTime":0,"flashOnTime":0},{"names":["side_left"],"positionDefinitions":["bfca38e9"],"condition":"NORMAL","renderStage":"INTERIOR","type":"NORMAL","displayXPadding":0,"displayYPadding":0,"displayColorCjk":"","displayColor":"","displayMaxLineHeight":0,"displayCjkSizeRatio":0,"displayOptions":[],"displayPadZeros":0,"displayType":"DESTINATION","displayDefaultText":"","doorXMultiplier":0,"doorZMultiplier":0,"doorAnimationType":"PLUG_SLOW","renderFromOpeningDoorTime":0,"renderUntilOpeningDoorTime":0,"renderFromClosingDoorTime":0,"renderUntilClosingDoorTime":0,"flashOffTime":0,"flashOnTime":0},{"names":["side_right"],"positionDefinitions":["dd323e78"],"condition":"NORMAL","renderStage":"INTERIOR","type":"NORMAL","displayXPadding":0,"displayYPadding":0,"displayColorCjk":"","displayColor":"","displayMaxLineHeight":0,"displayCjkSizeRatio":0,"displayOptions":[],"displayPadZeros":0,"displayType":"DESTINATION","displayDefaultText":"","doorXMultiplier":0,"doorZMultiplier":0,"doorAnimationType":"PLUG_SLOW","renderFromOpeningDoorTime":0,"renderUntilOpeningDoorTime":0,"renderFromClosingDoorTime":0,"renderUntilClosingDoorTime":0,"flashOffTime":0,"flashOnTime":0},{"names":["window_pillar_left"],"positionDefinitions":["c03f87a8"],"condition":"NORMAL","renderStage":"INTERIOR","type":"NORMAL","displayXPadding":0,"displayYPadding":0,"displayColorCjk":"","displayColor":"","displayMaxLineHeight":0,"displayCjkSizeRatio":0,"displayOptions":[],"displayPadZeros":0,"displayType":"DESTINATION","displayDefaultText":"","doorXMultiplier":0,"doorZMultiplier":0,"doorAnimationType":"PLUG_SLOW","renderFromOpeningDoorTime":0,"renderUntilOpeningDoorTime":0,"renderFromClosingDoorTime":0,"renderUntilClosingDoorTime":0,"flashOffTime":0,"flashOnTime":0},{"names":["window_pillar_right"],"positionDefinitions":["686d8374"],"condition":"NORMAL","renderStage":"INTERIOR","type":"NORMAL","displayXPadding":0,"displayYPadding":0,"displayColorCjk":"","displayColor":"","displayMaxLineHeight":0,"displayCjkSizeRatio":0,"displayOptions":[],"displayPadZeros":0,"displayType":"DESTINATION","displayDefaultText":"","doorXMultiplier":0,"doorZMultiplier":0,"doorAnimationType":"PLUG_SLOW","renderFromOpeningDoorTime":0,"renderUntilOpeningDoorTime":0,"renderFromClosingDoorTime":0,"renderUntilClosingDoorTime":0,"flashOffTime":0,"flashOnTime":0},{"names":["roof"],"positionDefinitions":["714bb741"],"condition":"NORMAL","renderStage":"INTERIOR","type":"NORMAL","displayXPadding":0,"displayYPadding":0,"displayColorCjk":"","displayColor":"","displayMaxLineHeight":0,"displayCjkSizeRatio":0,"displayOptions":[],"displayPadZeros":0,"displayType":"DESTINATION","displayDefaultText":"","doorXMultiplier":0,"doorZMultiplier":0,"doorAnimationType":"PLUG_SLOW","renderFromOpeningDoorTime":0,"renderUntilOpeningDoorTime":0,"renderFromClosingDoorTime":0,"renderUntilClosingDoorTime":0,"flashOffTime":0,"flashOnTime":0},{"names":["rear"],"positionDefinitions":["ae4e1fdd"],"condition":"NORMAL","renderStage":"INTERIOR","type":"NORMAL","displayXPadding":0,"displayYPadding":0,"displayColorCjk":"","displayColor":"","displayMaxLineHeight":0,"displayCjkSizeRatio":0,"displayOptions":[],"displayPadZeros":0,"displayType":"DESTINATION","displayDefaultText":"","doorXMultiplier":0,"doorZMultiplier":0,"doorAnimationType":"PLUG_SLOW","renderFromOpeningDoorTime":0,"renderUntilOpeningDoorTime":0,"renderFromClosingDoorTime":0,"renderUntilClosingDoorTime":0,"flashOffTime":0,"flashOnTime":0},{"names":["roof_light"],"positionDefinitions":["7ea9a620"],"condition":"NORMAL","renderStage":"LIGHT","type":"NORMAL","displayXPadding":0,"displayYPadding":0,"displayColorCjk":"","displayColor":"","displayMaxLineHeight":0,"displayCjkSizeRatio":0,"displayOptions":[],"displayPadZeros":0,"displayType":"DESTINATION","displayDefaultText":"","doorXMultiplier":0,"doorZMultiplier":0,"doorAnimationType":"PLUG_SLOW","renderFromOpeningDoorTime":0,"renderUntilOpeningDoorTime":0,"renderFromClosingDoorTime":0,"renderUntilClosingDoorTime":0,"flashOffTime":0,"flashOnTime":0},{"names":["floor"],"positionDefinitions":["7cf6f0be"],"condition":"NORMAL","renderStage":"INTERIOR","type":"NORMAL","displayXPadding":0,"displayYPadding":0,"displayColorCjk":"","displayColor":"","displayMaxLineHeight":0,"displayCjkSizeRatio":0,"displayOptions":[],"displayPadZeros":0,"displayType":"DESTINATION","displayDefaultText":"","doorXMultiplier":0,"doorZMultiplier":0,"doorAnimationType":"PLUG_SLOW","renderFromOpeningDoorTime":0,"renderUntilOpeningDoorTime":0,"renderFromClosingDoorTime":0,"renderUntilClosingDoorTime":0,"flashOffTime":0,"flashOnTime":0},{"names":["interior"],"positionDefinitions":["409fc9ed"],"condition":"NORMAL","renderStage":"INTERIOR","type":"NORMAL","displayXPadding":0,"displayYPadding":0,"displayColorCjk":"","displayColor":"","displayMaxLineHeight":0,"displayCjkSizeRatio":0,"displayOptions":[],"displayPadZeros":0,"displayType":"DESTINATION","displayDefaultText":"","doorXMultiplier":0,"doorZMultiplier":0,"doorAnimationType":"PLUG_SLOW","renderFromOpeningDoorTime":0,"renderUntilOpeningDoorTime":0,"renderFromClosingDoorTime":0,"renderUntilClosingDoorTime":0,"flashOffTime":0,"flashOnTime":0},{"names":["body"],"positionDefinitions":["1f231ff3"],"condition":"NORMAL","renderStage":"EXTERIOR","type":"NORMAL","displayXPadding":0,"displayYPadding":0,"displayColorCjk":"","displayColor":"","displayMaxLineHeight":0,"displayCjkSizeRatio":0,"displayOptions":[],"displayPadZeros":0,"displayType":"DESTINATION","displayDefaultText":"","doorXMultiplier":0,"doorZMultiplier":0,"doorAnimationType":"PLUG_SLOW","renderFromOpeningDoorTime":0,"renderUntilOpeningDoorTime":0,"renderFromClosingDoorTime":0,"renderUntilClosingDoorTime":0,"flashOffTime":0,"flashOnTime":0},{"names":["door_left_exterior"],"positionDefinitions":["acc871b"],"condition":"NORMAL","renderStage":"EXTERIOR","type":"NORMAL","displayXPadding":0,"displayYPadding":0,"displayColorCjk":"","displayColor":"","displayMaxLineHeight":0,"displayCjkSizeRatio":0,"displayOptions":[],"displayPadZeros":0,"displayType":"DESTINATION","displayDefaultText":"","doorXMultiplier":-1,"doorZMultiplier":-10,"doorAnimationType":"PLUG_SLOW","renderFromOpeningDoorTime":0,"renderUntilOpeningDoorTime":0,"renderFromClosingDoorTime":0,"renderUntilClosingDoorTime":0,"flashOffTime":0,"flashOnTime":0},{"names":["door_right_exterior"],"positionDefinitions":["db99d206"],"condition":"NORMAL","renderStage":"EXTERIOR","type":"NORMAL","displayXPadding":0,"displayYPadding":0,"displayColorCjk":"","displayColor":"","displayMaxLineHeight":0,"displayCjkSizeRatio":0,"displayOptions":[],"displayPadZeros":0,"displayType":"DESTINATION","displayDefaultText":"","doorXMultiplier":-1,"doorZMultiplier":10,"doorAnimationType":"PLUG_SLOW","renderFromOpeningDoorTime":0,"renderUntilOpeningDoorTime":0,"renderFromClosingDoorTime":0,"renderUntilClosingDoorTime":0,"flashOffTime":0,"flashOnTime":0},{"names":["headlight"],"positionDefinitions":["5f22ce06"],"condition":"NORMAL","renderStage":"LIGHT","type":"NORMAL","displayXPadding":0,"displayYPadding":0,"displayColorCjk":"","displayColor":"","displayMaxLineHeight":0,"displayCjkSizeRatio":0,"displayOptions":[],"displayPadZeros":0,"displayType":"DESTINATION","displayDefaultText":"","doorXMultiplier":0,"doorZMultiplier":0,"doorAnimationType":"PLUG_SLOW","renderFromOpeningDoorTime":0,"renderUntilOpeningDoorTime":0,"renderFromClosingDoorTime":0,"renderUntilClosingDoorTime":0,"flashOffTime":0,"flashOnTime":0},{"names":["telllight"],"positionDefinitions":["373a8db3"],"condition":"NORMAL","renderStage":"LIGHT","type":"NORMAL","displayXPadding":0,"displayYPadding":0,"displayColorCjk":"","displayColor":"","displayMaxLineHeight":0,"displayCjkSizeRatio":0,"displayOptions":[],"displayPadZeros":0,"displayType":"DESTINATION","displayDefaultText":"","doorXMultiplier":0,"doorZMultiplier":0,"doorAnimationType":"PLUG_SLOW","renderFromOpeningDoorTime":0,"renderUntilOpeningDoorTime":0,"renderFromClosingDoorTime":0,"renderUntilClosingDoorTime":0,"flashOffTime":0,"flashOnTime":0},{"names":["backlight"],"positionDefinitions":["30280781"],"condition":"ON_ROUTE_BACKWARDS","renderStage":"LIGHT","type":"NORMAL","displayXPadding":0,"displayYPadding":0,"displayColorCjk":"","displayColor":"","displayMaxLineHeight":0,"displayCjkSizeRatio":0,"displayOptions":[],"displayPadZeros":0,"displayType":"DESTINATION","displayDefaultText":"","doorXMultiplier":0,"doorZMultiplier":0,"doorAnimationType":"PLUG_SLOW","renderFromOpeningDoorTime":0,"renderUntilOpeningDoorTime":0,"renderFromClosingDoorTime":0,"renderUntilClosingDoorTime":0,"flashOffTime":0,"flashOnTime":0},{"names":["side_mirror"],"positionDefinitions":["c8c5410b"],"condition":"NORMAL","renderStage":"EXTERIOR","type":"NORMAL","displayXPadding":0,"displayYPadding":0,"displayColorCjk":"","displayColor":"","displayMaxLineHeight":0,"displayCjkSizeRatio":0,"displayOptions":[],"displayPadZeros":0,"displayType":"DESTINATION","displayDefaultText":"","doorXMultiplier":0,"doorZMultiplier":0,"doorAnimationType":"PLUG_SLOW","renderFromOpeningDoorTime":0,"renderUntilOpeningDoorTime":0,"renderFromClosingDoorTime":0,"renderUntilClosingDoorTime":0,"flashOffTime":0,"flashOnTime":0},{"names":["door_light_on"],"positionDefinitions":["a73a4bc7"],"condition":"DOORS_OPENED","renderStage":"LIGHT","type":"NORMAL","displayXPadding":0,"displayYPadding":0,"displayColorCjk":"","displayColor":"","displayMaxLineHeight":0,"displayCjkSizeRatio":0,"displayOptions":[],"displayPadZeros":0,"displayType":"DESTINATION","displayDefaultText":"","doorXMultiplier":0,"doorZMultiplier":0,"doorAnimationType":"PLUG_SLOW","renderFromOpeningDoorTime":0,"renderUntilOpeningDoorTime":0,"renderFromClosingDoorTime":0,"renderUntilClosingDoorTime":0,"flashOffTime":0,"flashOnTime":0},{"names":["door_light_off"],"positionDefinitions":["7ba68e39"],"condition":"DOORS_CLOSED","renderStage":"INTERIOR","type":"NORMAL","displayXPadding":0,"displayYPadding":0,"displayColorCjk":"","displayColor":"","displayMaxLineHeight":0,"displayCjkSizeRatio":0,"displayOptions":[],"displayPadZeros":0,"displayType":"DESTINATION","displayDefaultText":"","doorXMultiplier":0,"doorZMultiplier":0,"doorAnimationType":"PLUG_SLOW","renderFromOpeningDoorTime":0,"renderUntilOpeningDoorTime":0,"renderFromClosingDoorTime":0,"renderUntilClosingDoorTime":0,"flashOffTime":0,"flashOnTime":0},{"names":["led"],"positionDefinitions":["4a7afe07"],"condition":"NORMAL","renderStage":"EXTERIOR","type":"DISPLAY","displayXPadding":0,"displayYPadding":0.05,"displayColorCjk":"FF9900","displayColor":"FF9900","displayMaxLineHeight":0,"displayCjkSizeRatio":1,"displayOptions":[],"displayPadZeros":0,"displayType":"DESTINATION","displayDefaultText":"Sorry,|geen dienst","doorXMultiplier":0,"doorZMultiplier":0,"doorAnimationType":"PLUG_SLOW","renderFromOpeningDoorTime":0,"renderUntilOpeningDoorTime":0,"renderFromClosingDoorTime":0,"renderUntilClosingDoorTime":0,"flashOffTime":0,"flashOnTime":0},{"names":["led3"],"positionDefinitions":["acd621e1"],"condition":"NORMAL","renderStage":"EXTERIOR","type":"DISPLAY","displayXPadding":0,"displayYPadding":0.05,"displayColorCjk":"FF9900","displayColor":"FF9900","displayMaxLineHeight":0,"displayCjkSizeRatio":1,"displayOptions":["CYCLE_LANGUAGES"],"displayPadZeros":0,"displayType":"DESTINATION","displayDefaultText":"Sorry, geen dienst","doorXMultiplier":0,"doorZMultiplier":0,"doorAnimationType":"PLUG_SLOW","renderFromOpeningDoorTime":0,"renderUntilOpeningDoorTime":0,"renderFromClosingDoorTime":0,"renderUntilClosingDoorTime":0,"flashOffTime":0,"flashOnTime":0},{"names":["nun"],"positionDefinitions":["dc387a0c"],"condition":"NORMAL","renderStage":"EXTERIOR","type":"DISPLAY","displayXPadding":0,"displayYPadding":0.05,"displayColorCjk":"FF9900","displayColor":"FF9900","displayMaxLineHeight":0,"displayCjkSizeRatio":0,"displayOptions":["SINGLE_LINE","UPPER_CASE"],"displayPadZeros":0,"displayType":"ROUTE_NUMBER","displayDefaultText":"999","doorXMultiplier":0,"doorZMultiplier":0,"doorAnimationType":"PLUG_SLOW","renderFromOpeningDoorTime":0,"renderUntilOpeningDoorTime":0,"renderFromClosingDoorTime":0,"renderUntilClosingDoorTime":0,"flashOffTime":0,"flashOnTime":0},{"names":["nun2"],"positionDefinitions":["1a4983bc"],"condition":"NORMAL","renderStage":"EXTERIOR","type":"DISPLAY","displayXPadding":0,"displayYPadding":0.05,"displayColorCjk":"FF9900","displayColor":"FF9900","displayMaxLineHeight":0,"displayCjkSizeRatio":0,"displayOptions":["SINGLE_LINE","UPPER_CASE"],"displayPadZeros":0,"displayType":"ROUTE_NUMBER","displayDefaultText":"999","doorXMultiplier":0,"doorZMultiplier":0,"doorAnimationType":"PLUG_SLOW","renderFromOpeningDoorTime":0,"renderUntilOpeningDoorTime":0,"renderFromClosingDoorTime":0,"renderUntilClosingDoorTime":0,"flashOffTime":0,"flashOnTime":0},{"names":["nun3"],"positionDefinitions":["20569260"],"condition":"NORMAL","renderStage":"EXTERIOR","type":"DISPLAY","displayXPadding":0,"displayYPadding":0.05,"displayColorCjk":"FF9900","displayColor":"FF9900","displayMaxLineHeight":0,"displayCjkSizeRatio":0,"displayOptions":["SINGLE_LINE","UPPER_CASE"],"displayPadZeros":0,"displayType":"ROUTE_NUMBER","displayDefaultText":"999","doorXMultiplier":0,"doorZMultiplier":0,"doorAnimationType":"PLUG_SLOW","renderFromOpeningDoorTime":0,"renderUntilOpeningDoorTime":0,"renderFromClosingDoorTime":0,"renderUntilClosingDoorTime":0,"flashOffTime":0,"flashOnTime":0},{"names":["nun4"],"positionDefinitions":["4bcbe927"],"condition":"NORMAL","renderStage":"INTERIOR","type":"DISPLAY","displayXPadding":0.05,"displayYPadding":0.05,"displayColorCjk":"1","displayColor":"1","displayMaxLineHeight":0,"displayCjkSizeRatio":0,"displayOptions":["SINGLE_LINE","UPPER_CASE"],"displayPadZeros":0,"displayType":"ROUTE_NUMBER","displayDefaultText":"999","doorXMultiplier":0,"doorZMultiplier":0,"doorAnimationType":"PLUG_SLOW","renderFromOpeningDoorTime":0,"renderUntilOpeningDoorTime":0,"renderFromClosingDoorTime":0,"renderUntilClosingDoorTime":0,"flashOffTime":0,"flashOnTime":0},{"names":["dest"],"positionDefinitions":["f215b015"],"condition":"NORMAL","renderStage":"INTERIOR","type":"DISPLAY","displayXPadding":0.05,"displayYPadding":0.05,"displayColorCjk":"1","displayColor":"1","displayMaxLineHeight":0,"displayCjkSizeRatio":0,"displayOptions":["SINGLE_LINE","CYCLE_LANGUAGES"],"displayPadZeros":0,"displayType":"DESTINATION","displayDefaultText":"Sorry, geen dienst","doorXMultiplier":0,"doorZMultiplier":0,"doorAnimationType":"PLUG_SLOW","renderFromOpeningDoorTime":0,"renderUntilOpeningDoorTime":0,"renderFromClosingDoorTime":0,"renderUntilClosingDoorTime":0,"flashOffTime":0,"flashOnTime":0},{"names":["next"],"positionDefinitions":["f516c27b"],"condition":"NORMAL","renderStage":"INTERIOR","type":"DISPLAY","displayXPadding":0.05,"displayYPadding":0,"displayColorCjk":"1","displayColor":"1","displayMaxLineHeight":0,"displayCjkSizeRatio":1,"displayOptions":[],"displayPadZeros":0,"displayType":"NEXT_STATION","displayDefaultText":"","doorXMultiplier":0,"doorZMultiplier":0,"doorAnimationType":"PLUG_SLOW","renderFromOpeningDoorTime":0,"renderUntilOpeningDoorTime":0,"renderFromClosingDoorTime":0,"renderUntilClosingDoorTime":0,"flashOffTime":0,"flashOnTime":0},{"names":["path_floor"],"positionDefinitions":["2560168b"],"condition":"NORMAL","renderStage":"EXTERIOR","type":"FLOOR","displayXPadding":0,"displayYPadding":0,"displayColorCjk":"","displayColor":"","displayMaxLineHeight":0,"displayCjkSizeRatio":0,"displayOptions":[],"displayPadZeros":0,"displayType":"DESTINATION","displayDefaultText":"","doorXMultiplier":0,"doorZMultiplier":0,"doorAnimationType":"PLUG_SLOW","renderFromOpeningDoorTime":0,"renderUntilOpeningDoorTime":0,"renderFromClosingDoorTime":0,"renderUntilClosingDoorTime":0,"flashOffTime":0,"flashOnTime":0},{"names":["doorways"],"positionDefinitions":["4ebf929e"],"condition":"NORMAL","renderStage":"EXTERIOR","type":"DOORWAY","displayXPadding":0,"displayYPadding":0,"displayColorCjk":"","displayColor":"","displayMaxLineHeight":0,"displayCjkSizeRatio":0,"displayOptions":[],"displayPadZeros":0,"displayType":"DESTINATION","displayDefaultText":"","doorXMultiplier":0,"doorZMultiplier":0,"doorAnimationType":"PLUG_SLOW","renderFromOpeningDoorTime":0,"renderUntilOpeningDoorTime":0,"renderFromClosingDoorTime":0,"renderUntilClosingDoorTime":0,"flashOffTime":0,"flashOnTime":0}],"modelYOffset":1,"gangwayInnerSideResource":"mtr:szandorthe13th/trains/vdl_citea/vdl_citea.png_connector_side.png","gangwayInnerTopResource":"mtr:szandorthe13th/trains/vdl_citea/vdl_citea.png_connector_roof.png","gangwayInnerBottomResource":"mtr:szandorthe13th/trains/vdl_citea/vdl_citea.png_connector_floor.png","gangwayOuterSideResource":"mtr:szandorthe13th/trains/vdl_citea/vdl_citea.png_connector_exterior.png","gangwayOuterTopResource":"mtr:szandorthe13th/trains/vdl_citea/vdl_citea.png_connector_exterior.png","gangwayOuterBottomResource":"mtr:szandorthe13th/trains/vdl_citea/vdl_citea.png_connector_exterior.png","gangwayWidth":1.5,"gangwayHeight":2.25,"gangwayYOffset":1,"gangwayZOffset":0.5,"barrierInnerSideResource":"_exterior.png","barrierInnerTopResource":"","barrierInnerBottomResource":"","barrierOuterSideResource":"_exterior.png","barrierOuterTopResource":"","barrierOuterBottomResource":"","barrierWidth":2.25,"barrierHeight":1,"barrierYOffset":1.25,"barrierZOffset":0.25}